<resources>
	<file fname="Categories.xml"   url="https://raw.githubusercontent.com/xamarcade/DaawoTV/master/Categories.xml"/>
	<file fname="Channels.xml"  url="https://raw.githubusercontent.com/xamarcade/DaawoTV/master/Channels.xml"/>
	<file fname="Sources.xml"url="https://raw.githubusercontent.com/xamarcade/DaawoTV/master/plugin.video.DaawoTV/resources/community/Sources.xml"/>
	<file fname="teledunetPlayer.py" url="https://raw.githubusercontent.com/xamarcade/DaawoTV/master/plugin.video.DaawoTV/resources/community/teledunetPlayer.py"/>
	<file fname="teledunetUrls.xml"/>
    	<file fname="ssPlayer.py"/>
	<file fname="ssUrls.xml"/>
    	<file fname="ttvPlayer.py"/>
	<file fname="ttvUrls.xml"/>
	<file fname="Best4u.xml" url="https://raw.githubusercontent.com/xamarcade/DaawoTV/master/Best4u.xml"/>
	<file fname="cdnUrls.xml"url="https://raw.githubusercontent.com/xamarcade/DaawoTV/master/cdnUrls.xml"/>
	<file fname="yoUrls.xml"url="https://raw.githubusercontent.com/allouch89/ShaniXBMCdatabase/master/yoUrls.xml"/>
	<file base64="true" fname="karUrls.xml"/>
    <file fname="LooL.xml" url="https://raw.githubusercontent.com/xamarcade/DaawoTV/master/LooL.xml"/>
	<file fname="livetvPlayer.py"/>
	<file fname="livetvUrls.xml"url="https://raw.githubusercontent.com/xamarcade/DaawoTV/master/livetvUrls.xml"/>
	<file fname="genericPlayer.py"  url="https://raw.githubusercontent.com/xamarcade/DaawoTV/master/plugin.video.DaawoTV/resources/community/genericPlayer.py"/>	
	<file fname="genericUrls.xml"   url="https://raw.githubusercontent.com/xamarcade/DaawoTV/master/genericUrls.xml"/>	
	<file fname="YoutubeSources.xml"/>
	<file fname="CustomPlayer.py"/>
    	<file fname="glarabUrls.xml" url="https://raw.githubusercontent.com/xamarcade/DaawoTV/master/glarabUrls.xml"/>
    	<file fname="iptvosnUrls.xml"/>
		<file fname="Local.xml" url="https://raw.githubusercontent.com/xamarcade/DaawoTV/master/Local.xml"/>
<file fname="IPTVPlanetUrls.xml" url="https://raw.githubusercontent.com/xamarcade/DaawoTV/master/IPTVPlanetUrls.xml"/> 
	<file fname="palestinecoolUrls.xml" url="http://goo.gl/yNlwCM"/>
	<file fname="ZombiList.xml" url="https://raw.githubusercontent.com/xamarcade/DaawoTV/master/ZombiList.xml"/>	
    	<file fname="emadUrls.xml"  url="https://raw.githubusercontent.com/xamarcade/DaawoTV/master/emadUrls.xml"/>
	<file fname="filmonUrls.xml" url="https://raw.githubusercontent.com/xamarcade/DaawoTV/master/filmonUrls.xml"/> 
	<file fname="filmonPlayer.py"/> 
	<file fname="OfficialUrls.xml"   url="https://raw.githubusercontent.com/xamarcade/DaawoTV/master/OfficialUrls.xml"/>
	<file fname="TelvzaUrls.xml" url="https://raw.githubusercontent.com/xamarcade/DaawoTV/master/TelvzaUrls.xml"/>
	<file fname="magictvBoxUrls.xml" url="https://raw.githubusercontent.com/xamarcade/DaawoTV/master/magictvBoxUrls.xml"/> 
	<file fname="../settings.xml" url="https://raw.githubusercontent.com/xamarcade/DaawoTV/master/settings.xml" /> 
	<file fname="../language/english/strings.xml" url="https://raw.githubusercontent.com/xamarcade/DaawoTV/master/strings.xml" />
	<file fname="../language/french/strings.xml" />
	<file fname="../../default.py" url="https://raw.githubusercontent.com/xamarcade/DaawoTV/master/default.py" />  
	<file fname="../../changelog.txt" url="https://raw.githubusercontent.com/xamarcade/DaawoTV/master/plugin.video.DaawoTV/changelog.txt" />	
	<file fname="../../addon.xml" url="https://raw.githubusercontent.com/xamarcade/DaawoTV/master/plugin.video.DaawoTV/addon.xml"/>
	
	
</resources>
