<streaminginfos>
<!-- MBC Channels Start -->

<streaminginfo>
<cname>MBC 1</cname>
<item>
<title>High HD</title>
<link>plugin://plugin.video.f4mTester/?url=http://best4u.biz:8000/live/dmy2101/9764681/1378.ts&amp;streamtype=TSDOWNLOADER|User-Agent=Mozilla/5.0 (iPad; CPU OS 6_0 like Mac OS X) AppleWebKit/536.26 (KHTML, like Gecko) Version/6.0 Mobile/10A5376e Safari/8536.25</link>
</item>
</streaminginfo>
<streaminginfo>
<cname>MBC 1</cname>
<item>
<title>High</title>
<link>plugin://plugin.video.f4mTester/?url=http://best4u.biz:8000/live/dmy2101/9764681/19.ts&amp;streamtype=TSDOWNLOADER|User-Agent=Mozilla/5.0 (iPad; CPU OS 6_0 like Mac OS X) AppleWebKit/536.26 (KHTML, like Gecko) Version/6.0 Mobile/10A5376e Safari/8536.25</link>
</item>
</streaminginfo>

<streaminginfo>
<cname>MBC 2</cname>
<item>
<title>High HD</title>
<link>plugin://plugin.video.f4mTester/?url=http://best4u.biz:8000/live/dmy2101/9764681/1371.ts&amp;streamtype=TSDOWNLOADER|User-Agent=Mozilla/5.0 (iPad; CPU OS 6_0 like Mac OS X) AppleWebKit/536.26 (KHTML, like Gecko) Version/6.0 Mobile/10A5376e Safari/8536.25</link>
</item>
</streaminginfo>
<streaminginfo>
<cname>MBC 2</cname>
<item>
<title>High</title>
<link>plugin://plugin.video.f4mTester/?url=http://best4u.biz:8000/live/dmy2101/9764681/20.ts&amp;streamtype=TSDOWNLOADER|User-Agent=Mozilla/5.0 (iPad; CPU OS 6_0 like Mac OS X) AppleWebKit/536.26 (KHTML, like Gecko) Version/6.0 Mobile/10A5376e Safari/8536.25</link>
</item>
</streaminginfo>

<streaminginfo>
<cname>MBC 3</cname>
<item>
<title>High HD</title>
<link>plugin://plugin.video.f4mTester/?url=http://best4u.biz:8000/live/dmy2101/9764681/3613.ts&amp;streamtype=TSDOWNLOADER|User-Agent=Mozilla/5.0 (iPad; CPU OS 6_0 like Mac OS X) AppleWebKit/536.26 (KHTML, like Gecko) Version/6.0 Mobile/10A5376e Safari/8536.25</link>
</item>
</streaminginfo>
<streaminginfo>
<cname>MBC 3</cname>
<item>
<title>High</title>
<link>plugin://plugin.video.f4mTester/?url=http://best4u.biz:8000/live/dmy2101/9764681/21.ts&amp;streamtype=TSDOWNLOADER|User-Agent=Mozilla/5.0 (iPad; CPU OS 6_0 like Mac OS X) AppleWebKit/536.26 (KHTML, like Gecko) Version/6.0 Mobile/10A5376e Safari/8536.25</link>
</item>
</streaminginfo>

<streaminginfo>
<cname>MBC 4</cname>
<item>
<title>High HD</title>
<link>plugin://plugin.video.f4mTester/?url=http://best4u.biz:8000/live/dmy2101/9764681/1377.ts&amp;streamtype=TSDOWNLOADER|User-Agent=Mozilla/5.0 (iPad; CPU OS 6_0 like Mac OS X) AppleWebKit/536.26 (KHTML, like Gecko) Version/6.0 Mobile/10A5376e Safari/8536.25</link>
</item>
</streaminginfo>
<streaminginfo>
<cname>MBC 4</cname>
<item>
<title>High</title>
<link>plugin://plugin.video.f4mTester/?url=http://best4u.biz:8000/live/dmy2101/9764681/22.ts&amp;streamtype=TSDOWNLOADER|User-Agent=Mozilla/5.0 (iPad; CPU OS 6_0 like Mac OS X) AppleWebKit/536.26 (KHTML, like Gecko) Version/6.0 Mobile/10A5376e Safari/8536.25</link>
</item>
</streaminginfo>

<streaminginfo>
<cname>MBC Action</cname>
<item>
<title>High HD</title>
<link>plugin://plugin.video.f4mTester/?url=http://best4u.biz:8000/live/dmy2101/9764681/1394.ts&amp;streamtype=TSDOWNLOADER|User-Agent=Mozilla/5.0 (iPad; CPU OS 6_0 like Mac OS X) AppleWebKit/536.26 (KHTML, like Gecko) Version/6.0 Mobile/10A5376e Safari/8536.25</link>
</item>
</streaminginfo>
<streaminginfo>
<cname>MBC Action</cname>
<item>
<title>High</title>
<link>plugin://plugin.video.f4mTester/?url=http://best4u.biz:8000/live/dmy2101/9764681/23.ts&amp;streamtype=TSDOWNLOADER|User-Agent=Mozilla/5.0 (iPad; CPU OS 6_0 like Mac OS X) AppleWebKit/536.26 (KHTML, like Gecko) Version/6.0 Mobile/10A5376e Safari/8536.25</link>
</item>
</streaminginfo>

<streaminginfo>
<cname>MBC Bollywood</cname>
<item>
<title>High2</title>
<link>plugin://plugin.video.f4mTester/?url=http://best4u.biz:8000/live/riadh1529/chaaben1529/24.ts&amp;streamtype=TSDOWNLOADER|User-Agent=Mozilla/5.0 (iPad; CPU OS 6_0 like Mac OS X) AppleWebKit/536.26 (KHTML, like Gecko) Version/6.0 Mobile/10A5376e Safari/8536.25</link>
</item>
</streaminginfo>
<streaminginfo>
<cname>MBC Bollywood</cname>
<item>
<title>High</title>
<link>plugin://plugin.video.f4mTester/?url=http://best4u.biz:8000/live/dmy2101/9764681/24.ts&amp;streamtype=TSDOWNLOADER|User-Agent=Mozilla/5.0 (iPad; CPU OS 6_0 like Mac OS X) AppleWebKit/536.26 (KHTML, like Gecko) Version/6.0 Mobile/10A5376e Safari/8536.25</link>
</item>
</streaminginfo>

<streaminginfo>
<cname>MBC Drama</cname>
<item>
<title>High</title>
<link>plugin://plugin.video.f4mTester/?url=http://best4u.biz:8000/live/dmy2101/9764681/25.ts&amp;streamtype=TSDOWNLOADER|User-Agent=Mozilla/5.0 (iPad; CPU OS 6_0 like Mac OS X) AppleWebKit/536.26 (KHTML, like Gecko) Version/6.0 Mobile/10A5376e Safari/8536.25</link>
</item>
</streaminginfo>

<streaminginfo>
<cname>MBC Drama +HD</cname>
<item>
<title>High 2</title>
<link>plugin://plugin.video.f4mTester/?url=http://best4u.biz:8000/live/dmy2101/9764681/1395.ts&amp;streamtype=TSDOWNLOADER|User-Agent=Mozilla/5.0 (iPad; CPU OS 6_0 like Mac OS X) AppleWebKit/536.26 (KHTML, like Gecko) Version/6.0 Mobile/10A5376e Safari/8536.25</link>
</item>
</streaminginfo>
<streaminginfo>
<cname>MBC Drama +HD</cname>
<item>
<title>High</title>
<link>plugin://plugin.video.f4mTester/?url=http://best4u.biz:8000/live/dmy2101/9764681/3633.ts&amp;streamtype=TSDOWNLOADER|User-Agent=Mozilla/5.0 (iPad; CPU OS 6_0 like Mac OS X) AppleWebKit/536.26 (KHTML, like Gecko) Version/6.0 Mobile/10A5376e Safari/8536.25</link>
</item>
</streaminginfo>

<streaminginfo>
<cname>MBC Masr</cname>
<item>
<title>High</title>
<link>plugin://plugin.video.f4mTester/?url=http://best4u.biz:8000/live/dmy2101/9764681/27.ts&amp;streamtype=TSDOWNLOADER|User-Agent=Mozilla/5.0 (iPad; CPU OS 6_0 like Mac OS X) AppleWebKit/536.26 (KHTML, like Gecko) Version/6.0 Mobile/10A5376e Safari/8536.25</link>
</item>
</streaminginfo>

<streaminginfo>
<cname>MBC Masr 2</cname>
<item>
<title>High</title>
<link>plugin://plugin.video.f4mTester/?url=http://best4u.biz:8000/live/dmy2101/9764681/28.ts&amp;streamtype=TSDOWNLOADER|User-Agent=Mozilla/5.0 (iPad; CPU OS 6_0 like Mac OS X) AppleWebKit/536.26 (KHTML, like Gecko) Version/6.0 Mobile/10A5376e Safari/8536.25</link>
</item>
</streaminginfo>

<streaminginfo>
<cname>MBC Variety HD</cname>
<item>
<title>High</title>
<link>plugin://plugin.video.f4mTester/?url=http://best4u.biz:8000/live/dmy2101/9764681/3612.ts&amp;streamtype=TSDOWNLOADER|User-Agent=Mozilla/5.0 (iPad; CPU OS 6_0 like Mac OS X) AppleWebKit/536.26 (KHTML, like Gecko) Version/6.0 Mobile/10A5376e Safari/8536.25</link>
</item>
</streaminginfo>

<streaminginfo>
<cname>MBC Max</cname>
<item>
<title>High HD</title>
<link>plugin://plugin.video.f4mTester/?url=http://best4u.biz:8000/live/dmy2101/9764681/3614.ts&amp;streamtype=TSDOWNLOADER|User-Agent=Mozilla/5.0 (iPad; CPU OS 6_0 like Mac OS X) AppleWebKit/536.26 (KHTML, like Gecko) Version/6.0 Mobile/10A5376e Safari/8536.25</link>
</item>
</streaminginfo>
<streaminginfo>
<cname>MBC Max</cname>
<item>
<title>High</title>
<link>plugin://plugin.video.f4mTester/?url=http://best4u.biz:8000/live/dmy2101/9764681/26.ts&amp;streamtype=TSDOWNLOADER|User-Agent=Mozilla/5.0 (iPad; CPU OS 6_0 like Mac OS X) AppleWebKit/536.26 (KHTML, like Gecko) Version/6.0 Mobile/10A5376e Safari/8536.25</link>
</item>
</streaminginfo>

<!-- MBC Channels End -->

<!-- Somalia Channels Start -->

<streaminginfo>
<cname>Africa TV4</cname>
<item>
<title>High</title>
<link>plugin://plugin.video.f4mTester/?url=http://best4u.biz:8000/live/dmy2101/9764681/3660.ts&amp;streamtype=TSDOWNLOADER|User-Agent=Mozilla/5.0 (iPad; CPU OS 6_0 like Mac OS X) AppleWebKit/536.26 (KHTML, like Gecko) Version/6.0 Mobile/10A5376e Safari/8536.25</link>
</item>
</streaminginfo>

<streaminginfo>
	<cname>Kalsan Tv</cname>
	<item>
    <title>High</title>
	<link>plugin://plugin.video.f4mTester/?url=http://best4u.biz:8000/live/dmy2101/9764681/1374.ts&amp;streamtype=TSDOWNLOADER|User-Agent=Mozilla/5.0 (iPad; CPU OS 6_0 like Mac OS X) AppleWebKit/536.26 (KHTML, like Gecko) Version/6.0 Mobile/10A5376e Safari/8536.25</link>
</item>
</streaminginfo>

<streaminginfo>
	<cname>SBC</cname>
	<item>
	<title>High</title>
	<link>plugin://plugin.video.f4mTester/?url=http://best4u.biz:8000/live/dmy2101/9764681/1375.ts&amp;streamtype=TSDOWNLOADER|User-Agent=Mozilla/5.0 (iPad; CPU OS 6_0 like Mac OS X) AppleWebKit/536.26 (KHTML, like Gecko) Version/6.0 Mobile/10A5376e Safari/8536.25</link>
    </item>	
</streaminginfo>

<streaminginfo>
	<cname>Somali Cable</cname>
	<item>
	<title>High</title>
	<link>plugin://plugin.video.f4mTester/?url=http://best4u.biz:8000/live/dmy2101/9764681/1676.ts&amp;streamtype=TSDOWNLOADER|User-Agent=Mozilla/5.0 (iPad; CPU OS 6_0 like Mac OS X) AppleWebKit/536.26 (KHTML, like Gecko) Version/6.0 Mobile/10A5376e Safari/8536.25</link>
    </item>	
</streaminginfo>

<streaminginfo>
	<cname>ESTV</cname>
	<item>
	<title>High</title>
	<link>plugin://plugin.video.f4mTester/?url=http://best4u.tn:8000/live/dmy2101/9764681/2026.ts&amp;streamtype=TSDOWNLOADER|User-Agent=Mozilla/5.0 (iPad; CPU OS 6_0 like Mac OS X) AppleWebKit/536.26 (KHTML, like Gecko) Version/6.0 Mobile/10A5376e Safari/8536.25</link>
    </item>	
</streaminginfo>

<streaminginfo>
	<cname>Djibouti</cname>
	<item>
	<title>High</title>
	<link>plugin://plugin.video.f4mTester/?url=http://best4u.tn:8000/live/dmy2101/9764681/2058.ts&amp;streamtype=TSDOWNLOADER|User-Agent=Mozilla/5.0 (iPad; CPU OS 6_0 like Mac OS X) AppleWebKit/536.26 (KHTML, like Gecko) Version/6.0 Mobile/10A5376e Safari/8536.25</link>
    </item>	
</streaminginfo>

<streaminginfo>
	<cname>HCTV</cname>
	<item>
	<title>High</title>
	<link>plugin://plugin.video.f4mTester/?url=http://best4u.tn:8000/live/dmy2101/9764681/1372.ts&amp;streamtype=TSDOWNLOADER|User-Agent=Mozilla/5.0 (iPad; CPU OS 6_0 like Mac OS X) AppleWebKit/536.26 (KHTML, like Gecko) Version/6.0 Mobile/10A5376e Safari/8536.25</link>
   </item>	
</streaminginfo>

<streaminginfo>
	<cname>Star TV</cname>
	<item>
	<title>High</title>
	<link>plugin://plugin.video.f4mTester/?url=http://best4u.tn:8000/live/dmy2101/9764681/776.ts&amp;streamtype=TSDOWNLOADER|User-Agent=Mozilla/5.0 (iPad; CPU OS 6_0 like Mac OS X) AppleWebKit/536.26 (KHTML, like Gecko) Version/6.0 Mobile/10A5376e Safari/8536.25</link>
   </item>	
</streaminginfo>

<streaminginfo>
	<cname>SLNTV</cname>
	<item>
	<title>High</title>
	<link>plugin://plugin.video.f4mTester/?url=http://best4u.tn:8000/live/dmy2101/9764681/1389.ts&amp;streamtype=TSDOWNLOADER|User-Agent=Mozilla/5.0 (iPad; CPU OS 6_0 like Mac OS X) AppleWebKit/536.26 (KHTML, like Gecko) Version/6.0 Mobile/10A5376e Safari/8536.25</link>
   </item>	
</streaminginfo>

<streaminginfo>
	<cname>SNTV</cname>
	<item>
	<title>High</title>
	<link>plugin://plugin.video.f4mTester/?url=http://best4u.tn:8000/live/dmy2101/9764681/1390.ts&amp;streamtype=TSDOWNLOADER|User-Agent=Mozilla/5.0 (iPad; CPU OS 6_0 like Mac OS X) AppleWebKit/536.26 (KHTML, like Gecko) Version/6.0 Mobile/10A5376e Safari/8536.25</link>
   </item>	
</streaminginfo>

<streaminginfo>
	<cname>Universal Somali</cname>
	<item>
	<title>BestHD</title>
	<link>plugin://plugin.video.f4mTester/?url=http://best4u.biz:8000/live/dmy2101/9764681/3811.ts&amp;streamtype=TSDOWNLOADER|User-Agent=Mozilla/5.0 (iPad; CPU OS 6_0 like Mac OS X) AppleWebKit/536.26 (KHTML, like Gecko) Version/6.0 Mobile/10A5376e Safari/8536.25</link>
   </item>	
</streaminginfo>

<!-- Somalia Channels End -->

<!-- OSN Channels Start -->

<streaminginfo>
	<cname>Bein Moveis 1 HD</cname>
	<item>
	<title>High</title>
	<link>plugin://plugin.video.f4mTester/?url=http://best4u.biz:8000/live/dmy2101/9764681/269.ts&amp;streamtype=TSDOWNLOADER|User-Agent=Mozilla/5.0 (iPad; CPU OS 6_0 like Mac OS X) AppleWebKit/536.26 (KHTML, like Gecko) Version/6.0 Mobile/10A5376e Safari/8536.25</link>
	</item>
</streaminginfo>
<streaminginfo>
	<cname>Bein Moveis 2 HD</cname>
	<item>
	<title>High</title>
	<link>plugin://plugin.video.f4mTester/?url=http://best4u.biz:8000/live/dmy2101/9764681/1942.ts&amp;streamtype=TSDOWNLOADER|User-Agent=Mozilla/5.0 (iPad; CPU OS 6_0 like Mac OS X) AppleWebKit/536.26 (KHTML, like Gecko) Version/6.0 Mobile/10A5376e Safari/8536.25</link>
	</item>
</streaminginfo>
<streaminginfo>
	<cname>Bein Moveis 3 HD</cname>
	<item>
	<title>High</title>
	<link>plugin://plugin.video.f4mTester/?url=http://best4u.biz:8000/live/dmy2101/9764681/265.ts&amp;streamtype=TSDOWNLOADER|User-Agent=Mozilla/5.0 (iPad; CPU OS 6_0 like Mac OS X) AppleWebKit/536.26 (KHTML, like Gecko) Version/6.0 Mobile/10A5376e Safari/8536.25</link>
	</item>
</streaminginfo>
<streaminginfo>
	<cname>Bein Moveis 4 HD</cname>
	<item>
	<title>High</title>
	<link>plugin://plugin.video.f4mTester/?url=http://best4u.biz:8000/live/dmy2101/9764681/2610.ts&amp;streamtype=TSDOWNLOADER|User-Agent=Mozilla/5.0 (iPad; CPU OS 6_0 like Mac OS X) AppleWebKit/536.26 (KHTML, like Gecko) Version/6.0 Mobile/10A5376e Safari/8536.25</link>
	</item>
</streaminginfo>

<streaminginfo>
	<cname>Seevii Al-oula</cname>
	<item>
	<title>High</title>
	<link>plugin://plugin.video.f4mTester/?url=http://best4u.biz:8000/live/dmy2101/9764681/3902.ts&amp;streamtype=TSDOWNLOADER|User-Agent=Mozilla/5.0 (iPad; CPU OS 6_0 like Mac OS X) AppleWebKit/536.26 (KHTML, like Gecko) Version/6.0 Mobile/10A5376e Safari/8536.25</link>
	</item>
</streaminginfo>
<streaminginfo>
	<cname>Seevii Beelink</cname>
	<item>
	<title>High</title>
	<link>plugin://plugin.video.f4mTester/?url=http://best4u.biz:8000/live/dmy2101/9764681/3903.ts&amp;streamtype=TSDOWNLOADER|User-Agent=Mozilla/5.0 (iPad; CPU OS 6_0 like Mac OS X) AppleWebKit/536.26 (KHTML, like Gecko) Version/6.0 Mobile/10A5376e Safari/8536.25</link>
	</item>
</streaminginfo>
<streaminginfo>
	<cname>Seevii Drama</cname>
	<item>
	<title>High</title>
	<link>plugin://plugin.video.f4mTester/?url=http://best4u.biz:8000/live/dmy2101/9764681/3904.ts&amp;streamtype=TSDOWNLOADER|User-Agent=Mozilla/5.0 (iPad; CPU OS 6_0 like Mac OS X) AppleWebKit/536.26 (KHTML, like Gecko) Version/6.0 Mobile/10A5376e Safari/8536.25</link>
	</item>
</streaminginfo>
<streaminginfo>
	<cname>Seevii Shamiya</cname>
	<item>
	<title>High</title>
	<link>plugin://plugin.video.f4mTester/?url=http://best4u.biz:8000/live/dmy2101/9764681/3905.ts&amp;streamtype=TSDOWNLOADER|User-Agent=Mozilla/5.0 (iPad; CPU OS 6_0 like Mac OS X) AppleWebKit/536.26 (KHTML, like Gecko) Version/6.0 Mobile/10A5376e Safari/8536.25</link>
	</item>
</streaminginfo>

<streaminginfo>
	<cname>OSN Box Offiece 1</cname>
	<item>
	<title>High</title>
	<link>plugin://plugin.video.f4mTester/?url=http://best4u.tn:8000/live/dmy2101/9764681/1949.ts&amp;streamtype=TSDOWNLOADER|User-Agent=Mozilla/5.0 (iPad; CPU OS 6_0 like Mac OS X) AppleWebKit/536.26 (KHTML, like Gecko) Version/6.0 Mobile/10A5376e Safari/8536.25</link>
</item>
</streaminginfo>
<streaminginfo>
	<cname>OSN Box Offiece 2</cname>
	<item>
	<title>High</title>
	<link>plugin://plugin.video.f4mTester/?url=http://best4u.tn:8000/live/dmy2101/9764681/1948.ts&amp;streamtype=TSDOWNLOADER|User-Agent=Mozilla/5.0 (iPad; CPU OS 6_0 like Mac OS X) AppleWebKit/536.26 (KHTML, like Gecko) Version/6.0 Mobile/10A5376e Safari/8536.25</link>
</item>
</streaminginfo>
<streaminginfo>
	<cname>OSN Box Offiece 3</cname>
	<item>
	<title>High</title>
	<link>plugin://plugin.video.f4mTester/?url=http://best4u.tn:8000/live/dmy2101/9764681/1947.ts&amp;streamtype=TSDOWNLOADER|User-Agent=Mozilla/5.0 (iPad; CPU OS 6_0 like Mac OS X) AppleWebKit/536.26 (KHTML, like Gecko) Version/6.0 Mobile/10A5376e Safari/8536.25</link>
</item>
</streaminginfo>
<streaminginfo>
	<cname>OSN Cinema 2</cname>
	<item>
	<title>High</title>
	<link>plugin://plugin.video.f4mTester/?url=http://best4u.tn:8000/live/dmy2101/9764681/255.ts&amp;streamtype=TSDOWNLOADER|User-Agent=Mozilla/5.0 (iPad; CPU OS 6_0 like Mac OS X) AppleWebKit/536.26 (KHTML, like Gecko) Version/6.0 Mobile/10A5376e Safari/8536.25</link>
</item>
</streaminginfo>
<streaminginfo>
	<cname>OSN Movies Drama HD</cname>
	<item>
	<title>High 2</title>
	<link>plugin://plugin.video.f4mTester/?url=http://best4u.tn:8000/live/dmy2101/9764681/2246.ts&amp;streamtype=TSDOWNLOADER|User-Agent=Mozilla/5.0 (iPad; CPU OS 6_0 like Mac OS X) AppleWebKit/536.26 (KHTML, like Gecko) Version/6.0 Mobile/10A5376e Safari/8536.25</link>
</item>
</streaminginfo>
<streaminginfo>
	<cname>OSN Movies Drama HD</cname>
	<item>
	<title>High</title>
	<link>plugin://plugin.video.f4mTester/?url=http://best4u.tn:8000/live/dmy2101/9764681/2250.ts&amp;streamtype=TSDOWNLOADER|User-Agent=Mozilla/5.0 (iPad; CPU OS 6_0 like Mac OS X) AppleWebKit/536.26 (KHTML, like Gecko) Version/6.0 Mobile/10A5376e Safari/8536.25</link>
</item>
</streaminginfo>

<streaminginfo>
	<cname>OSN Movies Premiere HD</cname>
	<item>
	<title>High</title>
	<link>plugin://plugin.video.f4mTester/?url=http://best4u.tn:8000/live/dmy2101/9764681/2245.ts&amp;streamtype=TSDOWNLOADER|User-Agent=Mozilla/5.0 (iPad; CPU OS 6_0 like Mac OS X) AppleWebKit/536.26 (KHTML, like Gecko) Version/6.0 Mobile/10A5376e Safari/8536.25</link>
</item>
</streaminginfo>

<streaminginfo>
	<cname>OSN Movies HD Plus 2</cname>
	<item>
	<title>High</title>
	<link>plugin://plugin.video.f4mTester/?url=http://best4u.tn:8000/live/dmy2101/9764681/2278.ts&amp;streamtype=TSDOWNLOADER|User-Agent=Mozilla/5.0 (iPad; CPU OS 6_0 like Mac OS X) AppleWebKit/536.26 (KHTML, like Gecko) Version/6.0 Mobile/10A5376e Safari/8536.25</link>
</item>
</streaminginfo>

<!-- OSN Channels End -->

<!-- North Africa Channels Start -->

<streaminginfo>
	<cname>2M</cname>
	<item>
	<title>High</title>
	<link>plugin://plugin.video.f4mTester/?url=http://ultimeiptv.net:8000/live/dmy2101/9764681/197.ts&amp;streamtype=TSDOWNLOADER|User-Agent=Mozilla/5.0 (iPad; CPU OS 6_0 like Mac OS X) AppleWebKit/536.26 (KHTML, like Gecko) Version/6.0 Mobile/10A5376e Safari/8536.25</link>
</item>
</streaminginfo>

<streaminginfo>
	<cname>Al Janoubiya</cname>
	<item>
	<title>High</title>
	<link>plugin://plugin.video.f4mTester/?url=http://ultimeiptv.net:8000/live/dmy2101/9764681/112.ts&amp;streamtype=TSDOWNLOADER|User-Agent=Mozilla/5.0 (iPad; CPU OS 6_0 like Mac OS X) AppleWebKit/536.26 (KHTML, like Gecko) Version/6.0 Mobile/10A5376e Safari/8536.25</link>
</item>
</streaminginfo>
<streaminginfo>
	<cname>Al Magharibia</cname>
	<item>
	<title>High</title>
	<link>plugin://plugin.video.f4mTester/?url=http://ultimeiptv.net:8000/live/dmy2101/9764681/1917.ts&amp;streamtype=TSDOWNLOADER|User-Agent=Mozilla/5.0 (iPad; CPU OS 6_0 like Mac OS X) AppleWebKit/536.26 (KHTML, like Gecko) Version/6.0 Mobile/10A5376e Safari/8536.25</link>
</item>
</streaminginfo>
<streaminginfo>
	<cname>Al oula Maroc</cname>
	<item>
	<title>High</title>
	<link>plugin://plugin.video.f4mTester/?url=http://ultimeiptv.net:8000/live/dmy2101/9764681/1646.ts&amp;streamtype=TSDOWNLOADER|User-Agent=Mozilla/5.0 (iPad; CPU OS 6_0 like Mac OS X) AppleWebKit/536.26 (KHTML, like Gecko) Version/6.0 Mobile/10A5376e Safari/8536.25</link>
</item>
</streaminginfo>
<streaminginfo>
	<cname>AlGeria</cname>
	<item>
	<title>High</title>
	<link>plugin://plugin.video.f4mTester/?url=http://ultimeiptv.net:8000/live/dmy2101/9764681/1715.ts&amp;streamtype=TSDOWNLOADER|User-Agent=Mozilla/5.0 (iPad; CPU OS 6_0 like Mac OS X) AppleWebKit/536.26 (KHTML, like Gecko) Version/6.0 Mobile/10A5376e Safari/8536.25</link>
</item>
</streaminginfo>
<streaminginfo>
	<cname>Algeria 3</cname>
	<item>
	<title>High</title>
	<link>plugin://plugin.video.f4mTester/?url=http://ultimeiptv.net:8000/live/dmy2101/9764681/1685.ts&amp;streamtype=TSDOWNLOADER|User-Agent=Mozilla/5.0 (iPad; CPU OS 6_0 like Mac OS X) AppleWebKit/536.26 (KHTML, like Gecko) Version/6.0 Mobile/10A5376e Safari/8536.25</link>
</item>
</streaminginfo>
<streaminginfo>
	<cname>Attasi3a</cname>
	<item>
	<title>High</title>
	<link>plugin://plugin.video.f4mTester/?url=http://ultimeiptv.net:8000/live/dmy2101/9764681/499.ts&amp;streamtype=TSDOWNLOADER|User-Agent=Mozilla/5.0 (iPad; CPU OS 6_0 like Mac OS X) AppleWebKit/536.26 (KHTML, like Gecko) Version/6.0 Mobile/10A5376e Safari/8536.25</link>
</item>
</streaminginfo>
<streaminginfo>
	<cname>Dzair tv</cname>
	<item>
	<title>High</title>
	<link>plugin://plugin.video.f4mTester/?url=http://ultimeiptv.net:8000/live/dmy2101/9764681/202.ts&amp;streamtype=TSDOWNLOADER|User-Agent=Mozilla/5.0 (iPad; CPU OS 6_0 like Mac OS X) AppleWebKit/536.26 (KHTML, like Gecko) Version/6.0 Mobile/10A5376e Safari/8536.25</link>
</item>
</streaminginfo>
<streaminginfo>
	<cname>Echorouk Tv</cname>
	<item>
	<title>High</title>
	<link>plugin://plugin.video.f4mTester/?url=http://ultimeiptv.net:8000/live/dmy2101/9764681/1601.ts&amp;streamtype=TSDOWNLOADER|User-Agent=Mozilla/5.0 (iPad; CPU OS 6_0 like Mac OS X) AppleWebKit/536.26 (KHTML, like Gecko) Version/6.0 Mobile/10A5376e Safari/8536.25</link>
</item>
</streaminginfo>
<streaminginfo>
	<cname>CBC Benna</cname>
	<item>
	<title>High</title>
	<link>plugin://plugin.video.f4mTester/?url=http://ultimeiptv.net:8000/live/dmy2101/9764681/831.ts&amp;streamtype=TSDOWNLOADER|User-Agent=Mozilla/5.0 (iPad; CPU OS 6_0 like Mac OS X) AppleWebKit/536.26 (KHTML, like Gecko) Version/6.0 Mobile/10A5376e Safari/8536.25</link>
</item>
</streaminginfo>
<streaminginfo>
	<cname>Al Hiwar Ettounsi</cname>
	<item>
	<title>High</title>
	<link>plugin://plugin.video.f4mTester/?url=http://ultimeiptv.net:8000/live/dmy2101/9764681/34.ts&amp;streamtype=TSDOWNLOADER|User-Agent=Mozilla/5.0 (iPad; CPU OS 6_0 like Mac OS X) AppleWebKit/536.26 (KHTML, like Gecko) Version/6.0 Mobile/10A5376e Safari/8536.25</link>
</item>
</streaminginfo>
<streaminginfo>
	<cname>EnnaharTV algerie</cname>
	<item>
	<title>High</title>
	<link>plugin://plugin.video.f4mTester/?url=http://ultimeiptv.net:8000/live/dmy2101/9764681/1681.ts&amp;streamtype=TSDOWNLOADER|User-Agent=Mozilla/5.0 (iPad; CPU OS 6_0 like Mac OS X) AppleWebKit/536.26 (KHTML, like Gecko) Version/6.0 Mobile/10A5376e Safari/8536.25</link>
</item>
</streaminginfo>
<streaminginfo>
	<cname>Hanibal</cname>
	<item>
	<title>High</title>
	<link>plugin://plugin.video.f4mTester/?url=http://ultimeiptv.net:8000/live/dmy2101/9764681/31.ts&amp;streamtype=TSDOWNLOADER|User-Agent=Mozilla/5.0 (iPad; CPU OS 6_0 like Mac OS X) AppleWebKit/536.26 (KHTML, like Gecko) Version/6.0 Mobile/10A5376e Safari/8536.25</link>
</item>
</streaminginfo>
<streaminginfo>
	<cname>Mauritanie</cname>
	<item>
	<title>High</title>
	<link>plugin://plugin.video.f4mTester/?url=http://ultimeiptv.net:8000/live/dmy2101/9764681/3831.ts&amp;streamtype=TSDOWNLOADER|User-Agent=Mozilla/5.0 (iPad; CPU OS 6_0 like Mac OS X) AppleWebKit/536.26 (KHTML, like Gecko) Version/6.0 Mobile/10A5376e Safari/8536.25</link>
</item>
</streaminginfo>
<streaminginfo>
	<cname>Mauritanie 2</cname>
	<item>
	<title>High</title>
	<link>plugin://plugin.video.f4mTester/?url=http://ultimeiptv.net:8000/live/dmy2101/9764681/3832.ts&amp;streamtype=TSDOWNLOADER|User-Agent=Mozilla/5.0 (iPad; CPU OS 6_0 like Mac OS X) AppleWebKit/536.26 (KHTML, like Gecko) Version/6.0 Mobile/10A5376e Safari/8536.25</link>
</item>
</streaminginfo>
<streaminginfo>
	<cname>El Mourabiton</cname>
	<item>
	<title>High</title>
	<link>plugin://plugin.video.f4mTester/?url=http://ultimeiptv.net:8000/live/dmy2101/9764681/3836.ts&amp;streamtype=TSDOWNLOADER|User-Agent=Mozilla/5.0 (iPad; CPU OS 6_0 like Mac OS X) AppleWebKit/536.26 (KHTML, like Gecko) Version/6.0 Mobile/10A5376e Safari/8536.25</link>
</item>
</streaminginfo>
<streaminginfo>
	<cname>Chinguit TV</cname>
	<item>
	<title>High</title>
	<link>plugin://plugin.video.f4mTester/?url=http://ultimeiptv.net:8000/live/dmy2101/9764681/3835.ts&amp;streamtype=TSDOWNLOADER|User-Agent=Mozilla/5.0 (iPad; CPU OS 6_0 like Mac OS X) AppleWebKit/536.26 (KHTML, like Gecko) Version/6.0 Mobile/10A5376e Safari/8536.25</link>
</item>
</streaminginfo>
<streaminginfo>
	<cname>El Wataniya TV</cname>
	<item>
	<title>High</title>
	<link>plugin://plugin.video.f4mTester/?url=http://ultimeiptv.net:8000/live/dmy2101/9764681/3833.ts&amp;streamtype=TSDOWNLOADER|User-Agent=Mozilla/5.0 (iPad; CPU OS 6_0 like Mac OS X) AppleWebKit/536.26 (KHTML, like Gecko) Version/6.0 Mobile/10A5376e Safari/8536.25</link>
</item>
</streaminginfo>
<streaminginfo>
	<cname>Sahel TV</cname>
	<item>
	<title>High</title>
	<link>plugin://plugin.video.f4mTester/?url=http://ultimeiptv.net:8000/live/dmy2101/9764681/3834.ts&amp;streamtype=TSDOWNLOADER|User-Agent=Mozilla/5.0 (iPad; CPU OS 6_0 like Mac OS X) AppleWebKit/536.26 (KHTML, like Gecko) Version/6.0 Mobile/10A5376e Safari/8536.25</link>
</item>
</streaminginfo>
<streaminginfo>
	<cname>Medi 1 Sat</cname>
	<item>
	<title>High</title>
	<link>plugin://plugin.video.f4mTester/?url=http://ultimeiptv.net:8000/live/dmy2101/9764681/293.ts&amp;streamtype=TSDOWNLOADER|User-Agent=Mozilla/5.0 (iPad; CPU OS 6_0 like Mac OS X) AppleWebKit/536.26 (KHTML, like Gecko) Version/6.0 Mobile/10A5376e Safari/8536.25</link>
</item>
</streaminginfo>
<streaminginfo>
	<cname>Nessma</cname>
	<item>
	<title>High</title>
	<link>plugin://plugin.video.f4mTester/?url=http://ultimeiptv.net:8000/live/dmy2101/9764681/32.ts&amp;streamtype=TSDOWNLOADER|User-Agent=Mozilla/5.0 (iPad; CPU OS 6_0 like Mac OS X) AppleWebKit/536.26 (KHTML, like Gecko) Version/6.0 Mobile/10A5376e Safari/8536.25</link>
</item>
</streaminginfo>
<streaminginfo>
	<cname>Tamazigh Algeria</cname>
	<item>
	<title>High</title>
	<link>plugin://plugin.video.f4mTester/?url=http://ultimeiptv.net:8000/live/dmy2101/9764681/1682.ts&amp;streamtype=TSDOWNLOADER|User-Agent=Mozilla/5.0 (iPad; CPU OS 6_0 like Mac OS X) AppleWebKit/536.26 (KHTML, like Gecko) Version/6.0 Mobile/10A5376e Safari/8536.25</link>
</item>
</streaminginfo>
<streaminginfo>
	<cname>Tamazigh Maroc</cname>
	<item>
	<title>High</title>
	<link>plugin://plugin.video.f4mTester/?url=http://ultimeiptv.net:8000/live/dmy2101/9764681/1473.ts&amp;streamtype=TSDOWNLOADER|User-Agent=Mozilla/5.0 (iPad; CPU OS 6_0 like Mac OS X) AppleWebKit/536.26 (KHTML, like Gecko) Version/6.0 Mobile/10A5376e Safari/8536.25</link>
</item>
</streaminginfo>
<streaminginfo>
	<cname>Tounesna</cname>
	<item>
	<title>High</title>
	<link>plugin://plugin.video.f4mTester/?url=http://ultimeiptv.net:8000/live/dmy2101/9764681/35.ts&amp;streamtype=TSDOWNLOADER|User-Agent=Mozilla/5.0 (iPad; CPU OS 6_0 like Mac OS X) AppleWebKit/536.26 (KHTML, like Gecko) Version/6.0 Mobile/10A5376e Safari/8536.25</link>
</item>
</streaminginfo>
<streaminginfo>
	<cname>Tunisia national 1</cname>
	<item>
	<title>High</title>
	<link>plugin://plugin.video.f4mTester/?url=http://ultimeiptv.net:8000/live/dmy2101/9764681/29.ts&amp;streamtype=TSDOWNLOADER|User-Agent=Mozilla/5.0 (iPad; CPU OS 6_0 like Mac OS X) AppleWebKit/536.26 (KHTML, like Gecko) Version/6.0 Mobile/10A5376e Safari/8536.25</link>
</item>
</streaminginfo>
<streaminginfo>
	<cname>Tunisia national 2</cname>
	<item>
	<title>High</title>
	<link>plugin://plugin.video.f4mTester/?url=http://ultimeiptv.net:8000/live/dmy2101/9764681/780.ts&amp;streamtype=TSDOWNLOADER|User-Agent=Mozilla/5.0 (iPad; CPU OS 6_0 like Mac OS X) AppleWebKit/536.26 (KHTML, like Gecko) Version/6.0 Mobile/10A5376e Safari/8536.25</link>
</item>
</streaminginfo>
<streaminginfo>
	<cname>Zaitouna</cname>
	<item>
	<title>High</title>
	<link>plugin://plugin.video.f4mTester/?url=http://ultimeiptv.net:8000/live/dmy2101/9764681/840.ts&amp;streamtype=TSDOWNLOADER|User-Agent=Mozilla/5.0 (iPad; CPU OS 6_0 like Mac OS X) AppleWebKit/536.26 (KHTML, like Gecko) Version/6.0 Mobile/10A5376e Safari/8536.25</link>
</item>
</streaminginfo>
<streaminginfo>
	<cname>Zaitouna Hedaya</cname>
	<item>
	<title>High</title>
	<link>plugin://plugin.video.f4mTester/?url=http://ultimeiptv.net:8000/live/dmy2101/9764681/1687.ts&amp;streamtype=TSDOWNLOADER|User-Agent=Mozilla/5.0 (iPad; CPU OS 6_0 like Mac OS X) AppleWebKit/536.26 (KHTML, like Gecko) Version/6.0 Mobile/10A5376e Safari/8536.25</link>
</item>
</streaminginfo>
<streaminginfo>
	<cname>M Tunisia</cname>
	<item>
	<title>High</title>
	<link>plugin://plugin.video.f4mTester/?url=http://ultimeiptv.net:8000/live/dmy2101/9764681/36.ts&amp;streamtype=TSDOWNLOADER|User-Agent=Mozilla/5.0 (iPad; CPU OS 6_0 like Mac OS X) AppleWebKit/536.26 (KHTML, like Gecko) Version/6.0 Mobile/10A5376e Safari/8536.25</link>
</item>
</streaminginfo>
<streaminginfo>
	<cname>Sudan OUS</cname>
	<item>
	<title>High</title>
	<link>plugin://plugin.video.f4mTester/?url=http://ultimeiptv.net:8000/live/dmy2101/9764681/3710.ts&amp;streamtype=TSDOWNLOADER|User-Agent=Mozilla/5.0 (iPad; CPU OS 6_0 like Mac OS X) AppleWebKit/536.26 (KHTML, like Gecko) Version/6.0 Mobile/10A5376e Safari/8536.25</link>
</item>
</streaminginfo>
<streaminginfo>
	<cname>Sudan TV</cname>
	<item>
	<title>High</title>
	<link>plugin://plugin.video.f4mTester/?url=http://ultimeiptv.net:8000/live/dmy2101/9764681/820.ts&amp;streamtype=TSDOWNLOADER|User-Agent=Mozilla/5.0 (iPad; CPU OS 6_0 like Mac OS X) AppleWebKit/536.26 (KHTML, like Gecko) Version/6.0 Mobile/10A5376e Safari/8536.25</link>
</item>
</streaminginfo>
<streaminginfo>
	<cname>Blue Nile</cname>
	<item>
	<title>High</title>
	<link>plugin://plugin.video.f4mTester/?url=http://ultimeiptv.net:8000/live/dmy2101/9764681/1531.ts&amp;streamtype=TSDOWNLOADER|User-Agent=Mozilla/5.0 (iPad; CPU OS 6_0 like Mac OS X) AppleWebKit/536.26 (KHTML, like Gecko) Version/6.0 Mobile/10A5376e Safari/8536.25</link>
</item>
</streaminginfo>
<!-- North Africa Channels End -->

<!-- News Channels Start -->

<streaminginfo>
	<cname>Al Eqtisadiyah</cname>
	<item>
	<title>High</title>
	<link>plugin://plugin.video.f4mTester/?url=http://best4u.biz:8000/live/dmy2101/9764681/3711.ts&amp;streamtype=TSDOWNLOADER|User-Agent=Mozilla/5.0 (iPad; CPU OS 6_0 like Mac OS X) AppleWebKit/536.26 (KHTML, like Gecko) Version/6.0 Mobile/10A5376e Safari/8536.25</link>
</item>
</streaminginfo>
<streaminginfo>
	<cname>Al Hiwar</cname>
	<item>
	<title>High</title>
	<link>plugin://plugin.video.f4mTester/?url=http://best4u.biz:8000/live/dmy2101/9764681/817.ts&amp;streamtype=TSDOWNLOADER|User-Agent=Mozilla/5.0 (iPad; CPU OS 6_0 like Mac OS X) AppleWebKit/536.26 (KHTML, like Gecko) Version/6.0 Mobile/10A5376e Safari/8536.25</link>
</item>
</streaminginfo>
<streaminginfo>
	<cname>Al Ikhbaria Syria</cname>
	<item>
	<title>High</title>
	<link>plugin://plugin.video.f4mTester/?url=http://best4u.biz:8000/live/dmy2101/9764681/1402.ts&amp;streamtype=TSDOWNLOADER|User-Agent=Mozilla/5.0 (iPad; CPU OS 6_0 like Mac OS X) AppleWebKit/536.26 (KHTML, like Gecko) Version/6.0 Mobile/10A5376e Safari/8536.25</link>
</item>
</streaminginfo>
<streaminginfo>
	<cname>Al mayaden</cname>
	<item>
	<title>High</title>
	<link>plugin://plugin.video.f4mTester/?url=http://best4u.biz:8000/live/dmy2101/9764681/816.ts&amp;streamtype=TSDOWNLOADER|User-Agent=Mozilla/5.0 (iPad; CPU OS 6_0 like Mac OS X) AppleWebKit/536.26 (KHTML, like Gecko) Version/6.0 Mobile/10A5376e Safari/8536.25</link>
</item>
</streaminginfo>
<streaminginfo>
	<cname>Al Sharqiya News</cname>
	<item>
	<title>High</title>
	<link>plugin://plugin.video.f4mTester/?url=http://best4u.biz:8000/live/dmy2101/9764681/1500.ts&amp;streamtype=TSDOWNLOADER|User-Agent=Mozilla/5.0 (iPad; CPU OS 6_0 like Mac OS X) AppleWebKit/536.26 (KHTML, like Gecko) Version/6.0 Mobile/10A5376e Safari/8536.25</link>
</item>
</streaminginfo>
<streaminginfo>
	<cname>Alarabiya</cname>
	<item>
	<title>High</title>
	<link>plugin://plugin.video.f4mTester/?url=http://best4u.biz:8000/live/dmy2101/9764681/150.ts&amp;streamtype=TSDOWNLOADER|User-Agent=Mozilla/5.0 (iPad; CPU OS 6_0 like Mac OS X) AppleWebKit/536.26 (KHTML, like Gecko) Version/6.0 Mobile/10A5376e Safari/8536.25</link>
</item>
</streaminginfo>
<streaminginfo>
	<cname>Alarabiya Ahdas</cname>
	<item>
	<title>High</title>
	<link>plugin://plugin.video.f4mTester/?url=http://best4u.biz:8000/live/dmy2101/9764681/151.ts&amp;streamtype=TSDOWNLOADER|User-Agent=Mozilla/5.0 (iPad; CPU OS 6_0 like Mac OS X) AppleWebKit/536.26 (KHTML, like Gecko) Version/6.0 Mobile/10A5376e Safari/8536.25</link>
</item>
</streaminginfo>
<streaminginfo>
	<cname>Aljazeera</cname>
	<item>
	<title>High</title>
	<link>plugin://plugin.video.f4mTester/?url=http://best4u.biz:8000/live/dmy2101/9764681/146.ts&amp;streamtype=TSDOWNLOADER|User-Agent=Mozilla/5.0 (iPad; CPU OS 6_0 like Mac OS X) AppleWebKit/536.26 (KHTML, like Gecko) Version/6.0 Mobile/10A5376e Safari/8536.25</link>
</item>
</streaminginfo>
<streaminginfo>
	<cname>ANN</cname>
	<item>
	<title>High</title>
	<link>plugin://plugin.video.f4mTester/?url=http://best4u.biz:8000/live/dmy2101/9764681/828.ts&amp;streamtype=TSDOWNLOADER|User-Agent=Mozilla/5.0 (iPad; CPU OS 6_0 like Mac OS X) AppleWebKit/536.26 (KHTML, like Gecko) Version/6.0 Mobile/10A5376e Safari/8536.25</link>
</item>
</streaminginfo>
<streaminginfo>
	<cname>BBC Arabic</cname>
	<item>
	<title>High</title>
	<link>plugin://plugin.video.f4mTester/?url=http://best4u.biz:8000/live/dmy2101/9764681/824.ts&amp;streamtype=TSDOWNLOADER|User-Agent=Mozilla/5.0 (iPad; CPU OS 6_0 like Mac OS X) AppleWebKit/536.26 (KHTML, like Gecko) Version/6.0 Mobile/10A5376e Safari/8536.25</link>
</item>
</streaminginfo>
<streaminginfo>
	<cname>DW Arabic</cname>
	<item>
	<title>High</title>
	<link>plugin://plugin.video.f4mTester/?url=http://best4u.biz:8000/live/dmy2101/9764681/288.ts&amp;streamtype=TSDOWNLOADER|User-Agent=Mozilla/5.0 (iPad; CPU OS 6_0 like Mac OS X) AppleWebKit/536.26 (KHTML, like Gecko) Version/6.0 Mobile/10A5376e Safari/8536.25</link>
</item>
</streaminginfo>
<streaminginfo>
	<cname>Alghad Alarabi</cname>
	<item>
	<title>High</title>
	<link>plugin://plugin.video.f4mTester/?url=http://best4u.biz:8000/live/dmy2101/9764681/198.ts&amp;streamtype=TSDOWNLOADER|User-Agent=Mozilla/5.0 (iPad; CPU OS 6_0 like Mac OS X) AppleWebKit/536.26 (KHTML, like Gecko) Version/6.0 Mobile/10A5376e Safari/8536.25</link>
</item>
</streaminginfo>
<streaminginfo>
	<cname>France 24</cname>
	<item>
	<title>High</title>
	<link>plugin://plugin.video.f4mTester/?url=http://best4u.biz:8000/live/dmy2101/9764681/129.ts&amp;streamtype=TSDOWNLOADER|User-Agent=Mozilla/5.0 (iPad; CPU OS 6_0 like Mac OS X) AppleWebKit/536.26 (KHTML, like Gecko) Version/6.0 Mobile/10A5376e Safari/8536.25</link>
</item>
</streaminginfo>
<streaminginfo>
	<cname>Nile News</cname>
	<item>
	<title>High</title>
	<link>plugin://plugin.video.f4mTester/?url=http://best4u.biz:8000/live/dmy2101/9764681/295.ts&amp;streamtype=TSDOWNLOADER|User-Agent=Mozilla/5.0 (iPad; CPU OS 6_0 like Mac OS X) AppleWebKit/536.26 (KHTML, like Gecko) Version/6.0 Mobile/10A5376e Safari/8536.25</link>
</item>
</streaminginfo>
<streaminginfo>
	<cname>Russia Alyaum</cname>
	<item>
	<title>High</title>
	<link>plugin://plugin.video.f4mTester/?url=http://best4u.biz:8000/live/dmy2101/9764681/2067.ts&amp;streamtype=TSDOWNLOADER|User-Agent=Mozilla/5.0 (iPad; CPU OS 6_0 like Mac OS X) AppleWebKit/536.26 (KHTML, like Gecko) Version/6.0 Mobile/10A5376e Safari/8536.25</link>
</item>
</streaminginfo>
<streaminginfo>
	<cname>SkyNewsArabia</cname>
	<item>
	<title>High</title>
	<link>plugin://plugin.video.f4mTester/?url=http://best4u.biz:8000/live/dmy2101/9764681/2305.ts&amp;streamtype=TSDOWNLOADER|User-Agent=Mozilla/5.0 (iPad; CPU OS 6_0 like Mac OS X) AppleWebKit/536.26 (KHTML, like Gecko) Version/6.0 Mobile/10A5376e Safari/8536.25</link>
</item>
</streaminginfo>
<streaminginfo>
	<cname>TRT Arabic</cname>
	<item>
	<title>High</title>
	<link>plugin://plugin.video.f4mTester/?url=http://best4u.biz:8000/live/dmy2101/9764681/1460.ts&amp;streamtype=TSDOWNLOADER|User-Agent=Mozilla/5.0 (iPad; CPU OS 6_0 like Mac OS X) AppleWebKit/536.26 (KHTML, like Gecko) Version/6.0 Mobile/10A5376e Safari/8536.25</link>
</item>
</streaminginfo>
<!-- News Channels End -->

<!-- Drama Channels Start -->

<streaminginfo>
	<cname>Abu Dhabi Drama</cname>
	<item>
	<title>High 2</title>
	<link>plugin://plugin.video.f4mTester/?url=http://best4u.tn:8000/live/dmy2101/9764681/102.ts&amp;streamtype=TSDOWNLOADER|User-Agent=Mozilla/5.0 (iPad; CPU OS 6_0 like Mac OS X) AppleWebKit/536.26 (KHTML, like Gecko) Version/6.0 Mobile/10A5376e Safari/8536.25</link>
    </item>
</streaminginfo>
<streaminginfo>
	<cname>Abu Dhabi Drama</cname>
	<item>
	<title>High</title>
	<link>plugin://plugin.video.f4mTester/?url=http://best4u.biz:8000/live/dmy2101/9764681/1397.ts&amp;streamtype=TSDOWNLOADER|User-Agent=Mozilla/5.0 (iPad; CPU OS 6_0 like Mac OS X) AppleWebKit/536.26 (KHTML, like Gecko) Version/6.0 Mobile/10A5376e Safari/8536.25</link>
    </item>
</streaminginfo>
<streaminginfo>
	<cname>Al Nahar Drama</cname>
	<item>
	<title>High</title>
	<link>plugin://plugin.video.f4mTester/?url=http://best4u.biz:8000/live/dmy2101/9764681/159.ts&amp;streamtype=TSDOWNLOADER|User-Agent=Mozilla/5.0 (iPad; CPU OS 6_0 like Mac OS X) AppleWebKit/536.26 (KHTML, like Gecko) Version/6.0 Mobile/10A5376e Safari/8536.25</link>
    </item>
</streaminginfo>
<streaminginfo>
	<cname>Albait Baitak Cinema</cname>
	<item>
	<title>High</title>
	<link>plugin://plugin.video.f4mTester/?url=http://best4u.biz:8000/live/dmy2101/9764681/284.ts&amp;streamtype=TSDOWNLOADER|User-Agent=Mozilla/5.0 (iPad; CPU OS 6_0 like Mac OS X) AppleWebKit/536.26 (KHTML, like Gecko) Version/6.0 Mobile/10A5376e Safari/8536.25</link>
    </item>
</streaminginfo>
<streaminginfo>
	<cname>Alhayat Series</cname>
	<item>
	<title>High</title>
	<link>plugin://plugin.video.f4mTester/?url=http://best4u.biz:8000/live/dmy2101/9764681/515.ts&amp;streamtype=TSDOWNLOADER|User-Agent=Mozilla/5.0 (iPad; CPU OS 6_0 like Mac OS X) AppleWebKit/536.26 (KHTML, like Gecko) Version/6.0 Mobile/10A5376e Safari/8536.25</link>
    </item>
</streaminginfo>
<streaminginfo>
	<cname>Art Aflam 1</cname>
	<item>
	<title>High</title>
	<link>plugin://plugin.video.f4mTester/?url=http://best4u.biz:8000/live/dmy2101/9764681/51.ts&amp;streamtype=TSDOWNLOADER|User-Agent=Mozilla/5.0 (iPad; CPU OS 6_0 like Mac OS X) AppleWebKit/536.26 (KHTML, like Gecko) Version/6.0 Mobile/10A5376e Safari/8536.25</link>
    </item>
</streaminginfo>
<streaminginfo>
	<cname>Art Aflam 2</cname>
	<item>
	<title>High</title>
	<link>plugin://plugin.video.f4mTester/?url=http://best4u.biz:8000/live/dmy2101/9764681/52.ts&amp;streamtype=TSDOWNLOADER|User-Agent=Mozilla/5.0 (iPad; CPU OS 6_0 like Mac OS X) AppleWebKit/536.26 (KHTML, like Gecko) Version/6.0 Mobile/10A5376e Safari/8536.25</link>
    </item>
</streaminginfo>
<streaminginfo>
	<cname>Art Cinema</cname>
	<item>
	<title>High</title>
	<link>plugin://plugin.video.f4mTester/?url=http://best4u.biz:8000/live/dmy2101/9764681/53.ts&amp;streamtype=TSDOWNLOADER|User-Agent=Mozilla/5.0 (iPad; CPU OS 6_0 like Mac OS X) AppleWebKit/536.26 (KHTML, like Gecko) Version/6.0 Mobile/10A5376e Safari/8536.25</link>
    </item>
</streaminginfo>
<streaminginfo>
	<cname>ART Hekayat</cname>
	<item>
	<title>High</title>
	<link>plugin://plugin.video.f4mTester/?url=http://best4u.biz:8000/live/dmy2101/9764681/54.ts&amp;streamtype=TSDOWNLOADER|User-Agent=Mozilla/5.0 (iPad; CPU OS 6_0 like Mac OS X) AppleWebKit/536.26 (KHTML, like Gecko) Version/6.0 Mobile/10A5376e Safari/8536.25</link>
    </item>
</streaminginfo>
<streaminginfo>
	<cname>ART Hekayat 2</cname>
	<item>
	<title>High</title>
	<link>plugin://plugin.video.f4mTester/?url=http://best4u.biz:8000/live/dmy2101/9764681/75.ts&amp;streamtype=TSDOWNLOADER|User-Agent=Mozilla/5.0 (iPad; CPU OS 6_0 like Mac OS X) AppleWebKit/536.26 (KHTML, like Gecko) Version/6.0 Mobile/10A5376e Safari/8536.25</link>
    </item>
</streaminginfo>
<streaminginfo>
	<cname>Cairo Cinema</cname>
	<item>
	<title>High</title>
	<link>plugin://plugin.video.f4mTester/?url=http://best4u.biz:8000/live/dmy2101/9764681/107.ts&amp;streamtype=TSDOWNLOADER|User-Agent=Mozilla/5.0 (iPad; CPU OS 6_0 like Mac OS X) AppleWebKit/536.26 (KHTML, like Gecko) Version/6.0 Mobile/10A5376e Safari/8536.25</link>
    </item>
</streaminginfo>
<streaminginfo>
	<cname>Cairo Drama</cname>
	<item>
	<title>High</title>
	<link>plugin://plugin.video.f4mTester/?url=http://best4u.biz:8000/live/dmy2101/9764681/109.ts&amp;streamtype=TSDOWNLOADER|User-Agent=Mozilla/5.0 (iPad; CPU OS 6_0 like Mac OS X) AppleWebKit/536.26 (KHTML, like Gecko) Version/6.0 Mobile/10A5376e Safari/8536.25</link>
    </item>
</streaminginfo>
<streaminginfo>
	<cname>CBC Drama</cname>
	<item>
	<title>High</title>
	<link>plugin://plugin.video.f4mTester/?url=http://best4u.biz:8000/live/dmy2101/9764681/58.ts&amp;streamtype=TSDOWNLOADER|User-Agent=Mozilla/5.0 (iPad; CPU OS 6_0 like Mac OS X) AppleWebKit/536.26 (KHTML, like Gecko) Version/6.0 Mobile/10A5376e Safari/8536.25</link>
    </item>
</streaminginfo>
<streaminginfo>
	<cname>Cima</cname>
	<item>
	<title>High</title>
	<link>plugin://plugin.video.f4mTester/?url=http://best4u.biz:8000/live/dmy2101/9764681/279.ts&amp;streamtype=TSDOWNLOADER|User-Agent=Mozilla/5.0 (iPad; CPU OS 6_0 like Mac OS X) AppleWebKit/536.26 (KHTML, like Gecko) Version/6.0 Mobile/10A5376e Safari/8536.25</link>
    </item>
</streaminginfo>
<streaminginfo>
	<cname>Dubai One</cname>
	<item>
	<title>High</title>
	<link>plugin://plugin.video.f4mTester/?url=http://best4u.biz:8000/live/dmy2101/9764681/126.ts&amp;streamtype=TSDOWNLOADER|User-Agent=Mozilla/5.0 (iPad; CPU OS 6_0 like Mac OS X) AppleWebKit/536.26 (KHTML, like Gecko) Version/6.0 Mobile/10A5376e Safari/8536.25</link>
    </item>
</streaminginfo>
<streaminginfo>
	<cname>Melody Classic</cname>
	<item>
	<title>High</title>
	<link>plugin://plugin.video.f4mTester/?url=http://best4u.biz:8000/live/dmy2101/9764681/140.ts&amp;streamtype=TSDOWNLOADER|User-Agent=Mozilla/5.0 (iPad; CPU OS 6_0 like Mac OS X) AppleWebKit/536.26 (KHTML, like Gecko) Version/6.0 Mobile/10A5376e Safari/8536.25</link>
    </item>
</streaminginfo>
<streaminginfo>
	<cname>Moga Comedy</cname>
	<item>
	<title>High</title>
	<link>plugin://plugin.video.f4mTester/?url=http://best4u.biz:8000/live/dmy2101/9764681/1534.ts&amp;streamtype=TSDOWNLOADER|User-Agent=Mozilla/5.0 (iPad; CPU OS 6_0 like Mac OS X) AppleWebKit/536.26 (KHTML, like Gecko) Version/6.0 Mobile/10A5376e Safari/8536.25</link>
    </item>
</streaminginfo>
<streaminginfo>
	<cname>Nile Cinema</cname>
	<item>
	<title>High</title>
	<link>plugin://plugin.video.f4mTester/?url=http://best4u.biz:8000/live/dmy2101/9764681/294.ts&amp;streamtype=TSDOWNLOADER|User-Agent=Mozilla/5.0 (iPad; CPU OS 6_0 like Mac OS X) AppleWebKit/536.26 (KHTML, like Gecko) Version/6.0 Mobile/10A5376e Safari/8536.25</link>
    </item>
</streaminginfo>
<streaminginfo>
	<cname>Nile Comedy</cname>
	<item>
	<title>High</title>
	<link>plugin://plugin.video.f4mTester/?url=http://best4u.biz:8000/live/dmy2101/9764681/141.ts&amp;streamtype=TSDOWNLOADER|User-Agent=Mozilla/5.0 (iPad; CPU OS 6_0 like Mac OS X) AppleWebKit/536.26 (KHTML, like Gecko) Version/6.0 Mobile/10A5376e Safari/8536.25</link>
    </item>
</streaminginfo>
<streaminginfo>
	<cname>Nile Drama</cname>
	<item>
	<title>High</title>
	<link>plugin://plugin.video.f4mTester/?url=http://best4u.biz:8000/live/dmy2101/9764681/142.ts&amp;streamtype=TSDOWNLOADER|User-Agent=Mozilla/5.0 (iPad; CPU OS 6_0 like Mac OS X) AppleWebKit/536.26 (KHTML, like Gecko) Version/6.0 Mobile/10A5376e Safari/8536.25</link>
    </item>
</streaminginfo>
<streaminginfo>
	<cname>Panorama Comedy</cname>
	<item>
	<title>High</title>
	<link>plugin://plugin.video.f4mTester/?url=http://best4u.biz:8000/live/dmy2101/9764681/844.ts&amp;streamtype=TSDOWNLOADER|User-Agent=Mozilla/5.0 (iPad; CPU OS 6_0 like Mac OS X) AppleWebKit/536.26 (KHTML, like Gecko) Version/6.0 Mobile/10A5376e Safari/8536.25</link>
    </item>
</streaminginfo>
<streaminginfo>
	<cname>Panorama Drama</cname>
	<item>
	<title>High</title>
	<link>plugin://plugin.video.f4mTester/?url=http://best4u.biz:8000/live/dmy2101/9764681/40.ts&amp;streamtype=TSDOWNLOADER|User-Agent=Mozilla/5.0 (iPad; CPU OS 6_0 like Mac OS X) AppleWebKit/536.26 (KHTML, like Gecko) Version/6.0 Mobile/10A5376e Safari/8536.25</link>
    </item>
</streaminginfo>
<streaminginfo>
	<cname>Panorama Drama 2</cname>
	<item>
	<title>High</title>
	<link>plugin://plugin.video.f4mTester/?url=http://best4u.biz:8000/live/dmy2101/9764681/41.ts&amp;streamtype=TSDOWNLOADER|User-Agent=Mozilla/5.0 (iPad; CPU OS 6_0 like Mac OS X) AppleWebKit/536.26 (KHTML, like Gecko) Version/6.0 Mobile/10A5376e Safari/8536.25</link>
    </item>
</streaminginfo>
<streaminginfo>
	<cname>Panorama film</cname>
	<item>
	<title>High</title>
	<link>plugin://plugin.video.f4mTester/?url=http://best4u.biz:8000/live/dmy2101/9764681/1555.ts&amp;streamtype=TSDOWNLOADER|User-Agent=Mozilla/5.0 (iPad; CPU OS 6_0 like Mac OS X) AppleWebKit/536.26 (KHTML, like Gecko) Version/6.0 Mobile/10A5376e Safari/8536.25</link>
    </item>
</streaminginfo>

<streaminginfo>
	<cname>Rotana Aflam</cname>
	<item>
	<title>High</title>
	<link>plugin://plugin.video.f4mTester/?url=http://best4u.biz:8000/live/dmy2101/9764681/3625.ts&amp;streamtype=TSDOWNLOADER|User-Agent=Mozilla/5.0 (iPad; CPU OS 6_0 like Mac OS X) AppleWebKit/536.26 (KHTML, like Gecko) Version/6.0 Mobile/10A5376e Safari/8536.25</link>
    </item>
</streaminginfo>
<streaminginfo>
	<cname>Rotana Cinema</cname>
	<item>
	<title>High HD</title>
	<link>plugin://plugin.video.f4mTester/?streamtype=TSDOWNLOADER&amp;url=http://best4u.tn:8000/live/dmy2101/9764681/3624.ts</link>
	</item>
</streaminginfo>
<streaminginfo>
	<cname>Rotana Cinema</cname>
	<item>
	<title>High (KSA)</title>
	<link>plugin://plugin.video.f4mTester/?streamtype=TSDOWNLOADER&amp;url=http://best4u.tn:8000/live/dmy2101/9764681/45.ts</link>
	</item>
</streaminginfo>
<streaminginfo>
	<cname>Rotana Cinema</cname>
	<item>
	<title>High (EGY)</title>
	<link>plugin://plugin.video.f4mTester/?streamtype=TSDOWNLOADER&amp;url=http://best4u.tn:8000/live/dmy2101/9764681/44.ts</link>
	</item>
</streaminginfo>
<streaminginfo>
	<cname>Rotana Classic</cname>
	<item>
	<title>High HD</title>
	<link>plugin://plugin.video.f4mTester/?streamtype=TSDOWNLOADER&amp;url=http://best4u.tn:8000/live/dmy2101/9764681/3629.ts</link>
	</item>
</streaminginfo>
<streaminginfo>
	<cname>Rotana Classic</cname>
	<item>
	<title>High</title>
	<link>plugin://plugin.video.f4mTester/?streamtype=TSDOWNLOADER&amp;url=http://best4u.tn:8000/live/dmy2101/9764681/46.ts</link>
	</item>
</streaminginfo>

<streaminginfo>
	<cname>Sada AlBalad Drama</cname>
	<item>
	<title>High 2</title>
	<link>plugin://plugin.video.f4mTester/?url=http://best4u.biz:8000/live/dmy2101/9764681/115.ts&amp;streamtype=TSDOWNLOADER|User-Agent=Mozilla/5.0 (iPad; CPU OS 6_0 like Mac OS X) AppleWebKit/536.26 (KHTML, like Gecko) Version/6.0 Mobile/10A5376e Safari/8536.25</link>
    </item>
</streaminginfo>
<streaminginfo>
	<cname>Sada AlBalad Drama</cname>
	<item>
	<title>High</title>
	<link>plugin://plugin.video.f4mTester/?url=http://best4u.biz:8000/live/dmy2101/9764681/843.ts&amp;streamtype=TSDOWNLOADER|User-Agent=Mozilla/5.0 (iPad; CPU OS 6_0 like Mac OS X) AppleWebKit/536.26 (KHTML, like Gecko) Version/6.0 Mobile/10A5376e Safari/8536.25</link>
    </item>
</streaminginfo>

<streaminginfo>
	<cname>Star 1 Cinema</cname>
	<item>
	<title>High</title>
	<link>plugin://plugin.video.f4mTester/?streamtype=TSDOWNLOADER&amp;url=http://best4u.biz:8000/live/dmy2101/9764681/851.ts</link>
	</item>
</streaminginfo>
<streaminginfo>
	<cname>Star 2 Cinema</cname>
	<item>
	<title>High</title>
	<link>plugin://plugin.video.f4mTester/?streamtype=TSDOWNLOADER&amp;url=http://best4u.biz:8000/live/dmy2101/9764681/850.ts</link>
	</item>
</streaminginfo>

<streaminginfo>
	<cname>Syria Drama</cname>
	<item>
	<title>High 2</title>
	<link>plugin://plugin.video.f4mTester/?url=http://best4u.biz:8000/live/dmy2101/9764681/1404.ts&amp;streamtype=TSDOWNLOADER|User-Agent=Mozilla/5.0 (iPad; CPU OS 6_0 like Mac OS X) AppleWebKit/536.26 (KHTML, like Gecko) Version/6.0 Mobile/10A5376e Safari/8536.25</link>
    </item>
</streaminginfo>
<streaminginfo>
	<cname>Syria Drama</cname>
	<item>
	<title>High</title>
	<link>plugin://plugin.video.f4mTester/?url=http://best4u.biz:8000/live/dmy2101/9764681/1401.ts&amp;streamtype=TSDOWNLOADER|User-Agent=Mozilla/5.0 (iPad; CPU OS 6_0 like Mac OS X) AppleWebKit/536.26 (KHTML, like Gecko) Version/6.0 Mobile/10A5376e Safari/8536.25</link>
    </item>
</streaminginfo>
<streaminginfo>
	<cname>Toktok</cname>
	<item>
	<title>High</title>
	<link>plugin://plugin.video.f4mTester/?streamtype=TSDOWNLOADER&amp;url=http://best4u.biz:8000/live/dmy2101/9764681/116.ts</link>
	</item>
</streaminginfo>

<!-- Drama Channels End -->

<!-- Egypt Channels Start -->

<streaminginfo>
	<cname>Al Nahar</cname>
	<item>
	<title>High</title>
	<link>plugin://plugin.video.f4mTester/?url=http://best4u.biz:8000/live/dmy2101/9764681/156.ts&amp;streamtype=TSDOWNLOADER|User-Agent=Mozilla/5.0 (iPad; CPU OS 6_0 like Mac OS X) AppleWebKit/536.26 (KHTML, like Gecko) Version/6.0 Mobile/10A5376e Safari/8536.25</link>
    </item>
</streaminginfo>
<streaminginfo>
	<cname>Al Nahar Cinema</cname>
	<item>
	<title>High</title>
	<link>plugin://plugin.video.f4mTester/?url=http://best4u.biz:8000/live/dmy2101/9764681/194.ts&amp;streamtype=TSDOWNLOADER|User-Agent=Mozilla/5.0 (iPad; CPU OS 6_0 like Mac OS X) AppleWebKit/536.26 (KHTML, like Gecko) Version/6.0 Mobile/10A5376e Safari/8536.25</link>
    </item>
</streaminginfo>
<streaminginfo>
	<cname>Al Nahar Alyoum</cname>
	<item>
	<title>High</title>
	<link>plugin://plugin.video.f4mTester/?url=http://best4u.biz:8000/live/dmy2101/9764681/837.ts&amp;streamtype=TSDOWNLOADER|User-Agent=Mozilla/5.0 (iPad; CPU OS 6_0 like Mac OS X) AppleWebKit/536.26 (KHTML, like Gecko) Version/6.0 Mobile/10A5376e Safari/8536.25</link>
    </item>
</streaminginfo>
<streaminginfo>
	<cname>Alhayat 1</cname>
	<item>
	<title>High</title>
	<link>plugin://plugin.video.f4mTester/?url=http://best4u.biz:8000/live/dmy2101/9764681/123.ts&amp;streamtype=TSDOWNLOADER|User-Agent=Mozilla/5.0 (iPad; CPU OS 6_0 like Mac OS X) AppleWebKit/536.26 (KHTML, like Gecko) Version/6.0 Mobile/10A5376e Safari/8536.25</link>
    </item>
</streaminginfo>
<streaminginfo>
	<cname>Alhayat2</cname>
	<item>
	<title>High</title>
	<link>plugin://plugin.video.f4mTester/?url=http://best4u.biz:8000/live/dmy2101/9764681/157.ts&amp;streamtype=TSDOWNLOADER|User-Agent=Mozilla/5.0 (iPad; CPU OS 6_0 like Mac OS X) AppleWebKit/536.26 (KHTML, like Gecko) Version/6.0 Mobile/10A5376e Safari/8536.25</link>
    </item>
</streaminginfo>
<streaminginfo>
	<cname>AlMasrawia</cname>
	<item>
	<title>High</title>
	<link>plugin://plugin.video.f4mTester/?url=http://best4u.biz:8000/live/dmy2101/9764681/847.ts&amp;streamtype=TSDOWNLOADER|User-Agent=Mozilla/5.0 (iPad; CPU OS 6_0 like Mac OS X) AppleWebKit/536.26 (KHTML, like Gecko) Version/6.0 Mobile/10A5376e Safari/8536.25</link>
    </item>
</streaminginfo>
<streaminginfo>
	<cname>AlQahera W Elnas</cname>
	<item>
	<title>High</title>
	<link>plugin://plugin.video.f4mTester/?url=http://best4u.biz:8000/live/dmy2101/9764681/3204.ts&amp;streamtype=TSDOWNLOADER|User-Agent=Mozilla/5.0 (iPad; CPU OS 6_0 like Mac OS X) AppleWebKit/536.26 (KHTML, like Gecko) Version/6.0 Mobile/10A5376e Safari/8536.25</link>
    </item>
</streaminginfo>
<streaminginfo>
	<cname>AlQahera W Elnas 2</cname>
	<item>
	<title>High</title>
	<link>plugin://plugin.video.f4mTester/?url=http://best4u.biz:8000/live/dmy2101/9764681/3203.ts&amp;streamtype=TSDOWNLOADER|User-Agent=Mozilla/5.0 (iPad; CPU OS 6_0 like Mac OS X) AppleWebKit/536.26 (KHTML, like Gecko) Version/6.0 Mobile/10A5376e Safari/8536.25</link>
    </item>
</streaminginfo>
<streaminginfo>
	<cname>CBC</cname>
	<item>
	<title>High</title>
	<link>plugin://plugin.video.f4mTester/?url=http://best4u.biz:8000/live/dmy2101/9764681/56.ts&amp;streamtype=TSDOWNLOADER|User-Agent=Mozilla/5.0 (iPad; CPU OS 6_0 like Mac OS X) AppleWebKit/536.26 (KHTML, like Gecko) Version/6.0 Mobile/10A5376e Safari/8536.25</link>
    </item>
</streaminginfo>
<streaminginfo>
	<cname>CBC 2</cname>
	<item>
	<title>High</title>
	<link>plugin://plugin.video.f4mTester/?url=http://best4u.biz:8000/live/dmy2101/9764681/57.ts&amp;streamtype=TSDOWNLOADER|User-Agent=Mozilla/5.0 (iPad; CPU OS 6_0 like Mac OS X) AppleWebKit/536.26 (KHTML, like Gecko) Version/6.0 Mobile/10A5376e Safari/8536.25</link>
    </item>
</streaminginfo>
<streaminginfo>
	<cname>CBC Extra</cname>
	<item>
	<title>High</title>
	<link>plugin://plugin.video.f4mTester/?url=http://best4u.biz:8000/live/dmy2101/9764681/59.ts&amp;streamtype=TSDOWNLOADER|User-Agent=Mozilla/5.0 (iPad; CPU OS 6_0 like Mac OS X) AppleWebKit/536.26 (KHTML, like Gecko) Version/6.0 Mobile/10A5376e Safari/8536.25</link>
    </item>
</streaminginfo>
<streaminginfo>
	<cname>CBC Sofra</cname>
	<item>
	<title>High</title>
	<link>plugin://plugin.video.f4mTester/?url=http://best4u.biz:8000/live/dmy2101/9764681/60.ts&amp;streamtype=TSDOWNLOADER|User-Agent=Mozilla/5.0 (iPad; CPU OS 6_0 like Mac OS X) AppleWebKit/536.26 (KHTML, like Gecko) Version/6.0 Mobile/10A5376e Safari/8536.25</link>
    </item>
</streaminginfo>
<streaminginfo>
	<cname>Dream</cname>
	<item>
	<title>High</title>
	<link>plugin://plugin.video.f4mTester/?url=http://best4u.biz:8000/live/dmy2101/9764681/163.ts&amp;streamtype=TSDOWNLOADER|User-Agent=Mozilla/5.0 (iPad; CPU OS 6_0 like Mac OS X) AppleWebKit/536.26 (KHTML, like Gecko) Version/6.0 Mobile/10A5376e Safari/8536.25</link>
    </item>
</streaminginfo>
<streaminginfo>
	<cname>Egypt 2</cname>
	<item>
	<title>High</title>
	<link>plugin://plugin.video.f4mTester/?url=http://best4u.biz:8000/live/dmy2101/9764681/199.ts&amp;streamtype=TSDOWNLOADER|User-Agent=Mozilla/5.0 (iPad; CPU OS 6_0 like Mac OS X) AppleWebKit/536.26 (KHTML, like Gecko) Version/6.0 Mobile/10A5376e Safari/8536.25</link>
    </item>
</streaminginfo>
<streaminginfo>
	<cname>Mehwar</cname>
	<item>
	<title>High</title>
	<link>plugin://plugin.video.f4mTester/?url=http://best4u.biz:8000/live/dmy2101/9764681/130.ts&amp;streamtype=TSDOWNLOADER|User-Agent=Mozilla/5.0 (iPad; CPU OS 6_0 like Mac OS X) AppleWebKit/536.26 (KHTML, like Gecko) Version/6.0 Mobile/10A5376e Safari/8536.25</link>
    </item>
</streaminginfo>
<streaminginfo>
	<cname>Nile Family</cname>
	<item>
	<title>High</title>
	<link>plugin://plugin.video.f4mTester/?url=http://best4u.biz:8000/live/dmy2101/9764681/143.ts&amp;streamtype=TSDOWNLOADER|User-Agent=Mozilla/5.0 (iPad; CPU OS 6_0 like Mac OS X) AppleWebKit/536.26 (KHTML, like Gecko) Version/6.0 Mobile/10A5376e Safari/8536.25</link>
    </item>
</streaminginfo>
<streaminginfo>
	<cname>Nile Life</cname>
	<item>
	<title>High</title>
	<link>plugin://plugin.video.f4mTester/?url=http://best4u.biz:8000/live/dmy2101/9764681/144.ts&amp;streamtype=TSDOWNLOADER|User-Agent=Mozilla/5.0 (iPad; CPU OS 6_0 like Mac OS X) AppleWebKit/536.26 (KHTML, like Gecko) Version/6.0 Mobile/10A5376e Safari/8536.25</link>
    </item>
</streaminginfo>
<streaminginfo>
	<cname>On TV</cname>
	<item>
	<title>High</title>
	<link>plugin://plugin.video.f4mTester/?url=http://best4u.biz:8000/live/dmy2101/9764681/3702.ts&amp;streamtype=TSDOWNLOADER|User-Agent=Mozilla/5.0 (iPad; CPU OS 6_0 like Mac OS X) AppleWebKit/536.26 (KHTML, like Gecko) Version/6.0 Mobile/10A5376e Safari/8536.25</link>
    </item>
</streaminginfo>
<streaminginfo>
	<cname>ONTV Live</cname>
	<item>
	<title>High</title>
	<link>plugin://plugin.video.f4mTester/?url=http://best4u.biz:8000/live/dmy2101/9764681/1642.ts&amp;streamtype=TSDOWNLOADER|User-Agent=Mozilla/5.0 (iPad; CPU OS 6_0 like Mac OS X) AppleWebKit/536.26 (KHTML, like Gecko) Version/6.0 Mobile/10A5376e Safari/8536.25</link>
    </item>
</streaminginfo>
<streaminginfo>
	<cname>Rotana Masriya</cname>
	<item>
	<title>High HD</title>
	<link>plugin://plugin.video.f4mTester/?streamtype=TSDOWNLOADER&amp;url=http://best4u.tn:8000/live/dmy2101/9764681/3626.ts</link>
	</item>
</streaminginfo>
<streaminginfo>
	<cname>Rotana Masriya</cname>
	<item>
	<title>High</title>
	<link>plugin://plugin.video.f4mTester/?streamtype=TSDOWNLOADER&amp;url=http://best4u.tn:8000/live/dmy2101/9764681/49.ts</link>
	</item>
</streaminginfo>
<!-- Egypt Channels End -->

<!-- Doc Channels Start -->

<streaminginfo>
	<cname>Aljazeera Doc</cname>
	<item>
	<title>High</title>
	<link>plugin://plugin.video.f4mTester/?url=http://best4u.biz:8000/live/dmy2101/9764681/155.ts&amp;streamtype=TSDOWNLOADER|User-Agent=Mozilla/5.0 (iPad; CPU OS 6_0 like Mac OS X) AppleWebKit/536.26 (KHTML, like Gecko) Version/6.0 Mobile/10A5376e Safari/8536.25</link>
    </item>
</streaminginfo>
<streaminginfo>
	<cname>KTV ARABE</cname>
	<item>
	<title>High</title>
	<link>plugin://plugin.video.f4mTester/?url=http://best4u.biz:8000/live/dmy2101/9764681/1689.ts&amp;streamtype=TSDOWNLOADER|User-Agent=Mozilla/5.0 (iPad; CPU OS 6_0 like Mac OS X) AppleWebKit/536.26 (KHTML, like Gecko) Version/6.0 Mobile/10A5376e Safari/8536.25</link>
    </item>
</streaminginfo>
<streaminginfo>
	<cname>National Geo Ad</cname>
	<item>
	<title>High</title>
	<link>plugin://plugin.video.f4mTester/?url=http://best4u.biz:8000/live/dmy2101/9764681/119.ts&amp;streamtype=TSDOWNLOADER|User-Agent=Mozilla/5.0 (iPad; CPU OS 6_0 like Mac OS X) AppleWebKit/536.26 (KHTML, like Gecko) Version/6.0 Mobile/10A5376e Safari/8536.25</link>
    </item>
</streaminginfo>

<!-- Doc Channels End -->

<!-- Iraq Channels Start -->

<streaminginfo>
	<cname>Al Rafidain</cname>
	<item>
	<title>High</title>
	<link>plugin://plugin.video.f4mTester/?url=http://best4u.biz:8000/live/dmy2101/9764681/1702.ts&amp;streamtype=TSDOWNLOADER|User-Agent=Mozilla/5.0 (iPad; CPU OS 6_0 like Mac OS X) AppleWebKit/536.26 (KHTML, like Gecko) Version/6.0 Mobile/10A5376e Safari/8536.25</link>
    </item>
</streaminginfo>
<streaminginfo>
	<cname>Al Rasheed</cname>
	<item>
	<title>High</title>
	<link>plugin://plugin.video.f4mTester/?url=http://best4u.biz:8000/live/dmy2101/9764681/1532.ts&amp;streamtype=TSDOWNLOADER|User-Agent=Mozilla/5.0 (iPad; CPU OS 6_0 like Mac OS X) AppleWebKit/536.26 (KHTML, like Gecko) Version/6.0 Mobile/10A5376e Safari/8536.25</link>
    </item>
</streaminginfo>
<streaminginfo>
	<cname>Al Sharqiya</cname>
	<item>
	<title>High</title>
	<link>plugin://plugin.video.f4mTester/?url=http://best4u.biz:8000/live/dmy2101/9764681/1641.ts&amp;streamtype=TSDOWNLOADER|User-Agent=Mozilla/5.0 (iPad; CPU OS 6_0 like Mac OS X) AppleWebKit/536.26 (KHTML, like Gecko) Version/6.0 Mobile/10A5376e Safari/8536.25</link>
    </item>
</streaminginfo>
<streaminginfo>
	<cname>Al Sumaria</cname>
	<item>
	<title>High</title>
	<link>plugin://plugin.video.f4mTester/?url=http://best4u.biz:8000/live/dmy2101/9764681/1643.ts&amp;streamtype=TSDOWNLOADER|User-Agent=Mozilla/5.0 (iPad; CPU OS 6_0 like Mac OS X) AppleWebKit/536.26 (KHTML, like Gecko) Version/6.0 Mobile/10A5376e Safari/8536.25</link>
    </item>
</streaminginfo>
<streaminginfo>
	<cname>Al-hurra Iraq</cname>
	<item>
	<title>High</title>
	<link>plugin://plugin.video.f4mTester/?url=http://best4u.biz:8000/live/dmy2101/9764681/1636.ts&amp;streamtype=TSDOWNLOADER|User-Agent=Mozilla/5.0 (iPad; CPU OS 6_0 like Mac OS X) AppleWebKit/536.26 (KHTML, like Gecko) Version/6.0 Mobile/10A5376e Safari/8536.25</link>
    </item>
</streaminginfo>
<streaminginfo>
	<cname>Dejlah</cname>
	<item>
	<title>High</title>
	<link>plugin://plugin.video.f4mTester/?url=http://best4u.biz:8000/live/dmy2101/9764681/1634.tsamp;streamtype=TSDOWNLOADER|User-Agent=Mozilla/5.0 (iPad; CPU OS 6_0 like Mac OS X) AppleWebKit/536.26 (KHTML, like Gecko) Version/6.0 Mobile/10A5376e Safari/8536.25</link>
    </item>
</streaminginfo>
<streaminginfo>
	<cname>Houna Baghdad</cname>
	<item>
	<title>High</title>
	<link>plugin://plugin.video.f4mTester/?url=http://best4u.biz:8000/live/dmy2101/9764681/1498.ts&amp;streamtype=TSDOWNLOADER|User-Agent=Mozilla/5.0 (iPad; CPU OS 6_0 like Mac OS X) AppleWebKit/536.26 (KHTML, like Gecko) Version/6.0 Mobile/10A5376e Safari/8536.25</link>
    </item>
</streaminginfo>

<!-- Iraq Channels End -->

<!-- Gulf Channels Start -->

<streaminginfo>
	<cname>Abu Dhabi</cname>
	<item>
	<title>High 2</title>
	<link>plugin://plugin.video.f4mTester/?url=http://best4u.biz:8000/live/dmy2101/9764681/1469.ts&amp;streamtype=TSDOWNLOADER|User-Agent=Mozilla/5.0 (iPad; CPU OS 6_0 like Mac OS X) AppleWebKit/536.26 (KHTML, like Gecko) Version/6.0 Mobile/10A5376e Safari/8536.25</link>
    </item>
</streaminginfo>
<streaminginfo>
	<cname>Abu Dhabi</cname>
	<item>
	<title>High</title>
	<link>plugin://plugin.video.f4mTester/?url=http://best4u.tn:8000/live/dmy2101/9764681/105.ts&amp;streamtype=TSDOWNLOADER|User-Agent=Mozilla/5.0 (iPad; CPU OS 6_0 like Mac OS X) AppleWebKit/536.26 (KHTML, like Gecko) Version/6.0 Mobile/10A5376e Safari/8536.25</link>
    </item>
</streaminginfo>
<streaminginfo>
	<cname>Abu Dhabi Emirates</cname>
	<item>
	<title>High</title>
	<link>plugin://plugin.video.f4mTester/?url=http://best4u.tn:8000/live/dmy2101/9764681/101.ts&amp;streamtype=TSDOWNLOADER|User-Agent=Mozilla/5.0 (iPad; CPU OS 6_0 like Mac OS X) AppleWebKit/536.26 (KHTML, like Gecko) Version/6.0 Mobile/10A5376e Safari/8536.25</link>
    </item>
</streaminginfo>
<streaminginfo>
	<cname>Alrai</cname>
	<item>
	<title>High</title>
	<link>plugin://plugin.video.f4mTester/?url=http://best4u.biz:8000/live/dmy2101/9764681/1686.ts&amp;streamtype=TSDOWNLOADER|User-Agent=Mozilla/5.0 (iPad; CPU OS 6_0 like Mac OS X) AppleWebKit/536.26 (KHTML, like Gecko) Version/6.0 Mobile/10A5376e Safari/8536.25</link>
    </item>
</streaminginfo>
<streaminginfo>
	<cname>Ajman</cname>
	<item>
	<title>High</title>
	<link>plugin://plugin.video.f4mTester/?url=http://best4u.biz:8000/live/dmy2101/9764681/153.ts&amp;streamtype=TSDOWNLOADER|User-Agent=Mozilla/5.0 (iPad; CPU OS 6_0 like Mac OS X) AppleWebKit/536.26 (KHTML, like Gecko) Version/6.0 Mobile/10A5376e Safari/8536.25</link>
    </item>
</streaminginfo>
<streaminginfo>
	<cname>alrayan</cname>
	<item>
	<title>High</title>
	<link>plugin://plugin.video.f4mTester/?url=http://best4u.tn:8000/live/dmy2101/9764681/3569.ts&amp;streamtype=TSDOWNLOADER|User-Agent=Mozilla/5.0 (iPad; CPU OS 6_0 like Mac OS X) AppleWebKit/536.26 (KHTML, like Gecko) Version/6.0 Mobile/10A5376e Safari/8536.25</link>
	</item>
</streaminginfo>
<streaminginfo>
	<cname>Funoon</cname>
	<item>
	<title>High</title>
	<link>plugin://plugin.video.f4mTester/?url=http://best4u.biz:8000/live/dmy2101/9764681/289.ts&amp;streamtype=TSDOWNLOADER|User-Agent=Mozilla/5.0 (iPad; CPU OS 6_0 like Mac OS X) AppleWebKit/536.26 (KHTML, like Gecko) Version/6.0 Mobile/10A5376e Safari/8536.25</link>
	</item>
</streaminginfo>
<streaminginfo>
	<cname>Dubai</cname>
	<item>
	<title>High</title>
	<link>plugin://plugin.video.f4mTester/?url=http://best4u.tn:8000/live/dmy2101/9764681/128.ts&amp;streamtype=TSDOWNLOADER|User-Agent=Mozilla/5.0 (iPad; CPU OS 6_0 like Mac OS X) AppleWebKit/536.26 (KHTML, like Gecko) Version/6.0 Mobile/10A5376e Safari/8536.25</link>
	</item>
</streaminginfo>
<streaminginfo>
	<cname>KSA 1</cname>
	<item>
	<title>High</title>
	<link>plugin://plugin.video.f4mTester/?url=http://best4u.tn:8000/live/dmy2101/9764681/1530.ts&amp;streamtype=TSDOWNLOADER|User-Agent=Mozilla/5.0 (iPad; CPU OS 6_0 like Mac OS X) AppleWebKit/536.26 (KHTML, like Gecko) Version/6.0 Mobile/10A5376e Safari/8536.25</link>
	</item>
</streaminginfo>
<streaminginfo>
	<cname>KSA 2</cname>
	<item>
	<title>High</title>
	<link>plugin://plugin.video.f4mTester/?url=http://best4u.tn:8000/live/dmy2101/9764681/195.ts&amp;streamtype=TSDOWNLOADER|User-Agent=Mozilla/5.0 (iPad; CPU OS 6_0 like Mac OS X) AppleWebKit/536.26 (KHTML, like Gecko) Version/6.0 Mobile/10A5376e Safari/8536.25</link>
	</item>
</streaminginfo>

<streaminginfo>
	<cname>KTV 2</cname>
	<item>
	<title>High</title>
	<link>plugin://plugin.video.f4mTester/?url=http://best4u.tn:8000/live/dmy2101/9764681/814.ts&amp;streamtype=TSDOWNLOADER|User-Agent=Mozilla/5.0 (iPad; CPU OS 6_0 like Mac OS X) AppleWebKit/536.26 (KHTML, like Gecko) Version/6.0 Mobile/10A5376e Safari/8536.25</link>
	</item>
</streaminginfo>
<streaminginfo>
	<cname>Kuwait</cname>
	<item>
	<title>High</title>
	<link>plugin://plugin.video.f4mTester/?url=http://best4u.biz:8000/live/dmy2101/9764681/1635.ts&amp;streamtype=TSDOWNLOADER|User-Agent=Mozilla/5.0 (iPad; CPU OS 6_0 like Mac OS X) AppleWebKit/536.26 (KHTML, like Gecko) Version/6.0 Mobile/10A5376e Safari/8536.25</link>
	</item>
</streaminginfo>

<streaminginfo>
	<cname>Qatar</cname>
	<item>
	<title>High</title>
	<link>plugin://plugin.video.f4mTester/?url=http://best4u.tn:8000/live/dmy2101/9764681/132.ts&amp;streamtype=TSDOWNLOADER|User-Agent=Mozilla/5.0 (iPad; CPU OS 6_0 like Mac OS X) AppleWebKit/536.26 (KHTML, like Gecko) Version/6.0 Mobile/10A5376e Safari/8536.25</link>
	</item>
</streaminginfo>

<streaminginfo>
	<cname>Rotana Khaligi</cname>
	<item>
	<title>High HD</title>
	<link>plugin://plugin.video.f4mTester/?streamtype=TSDOWNLOADER&amp;url=http://best4u.tn:8000/live/dmy2101/9764681/48.ts</link>
	</item>
</streaminginfo>
<streaminginfo>
	<cname>Sama Dubai</cname>
	<item>
	<title>High</title>
	<link>plugin://plugin.video.f4mTester/?url=http://best4u.biz:8000/live/dmy2101/9764681/133.ts&amp;streamtype=TSDOWNLOADER|User-Agent=Mozilla/5.0 (iPad; CPU OS 6_0 like Mac OS X) AppleWebKit/536.26 (KHTML, like Gecko) Version/6.0 Mobile/10A5376e Safari/8536.25</link>
	</item>
</streaminginfo>
<streaminginfo>
	<cname>Sharjah</cname>
	<item>
	<title>High</title>
	<link>plugin://plugin.video.f4mTester/?url=http://best4u.tn:8000/live/dmy2101/9764681/121.ts&amp;streamtype=TSDOWNLOADER|User-Agent=Mozilla/5.0 (iPad; CPU OS 6_0 like Mac OS X) AppleWebKit/536.26 (KHTML, like Gecko) Version/6.0 Mobile/10A5376e Safari/8536.25</link>
	</item>
</streaminginfo>

<!-- Gulf Channels End -->

<!-- Sham Channels Start -->

<streaminginfo>
	<cname>Alaqsa</cname>
	<item>
	<title>High</title>
	<link>plugin://plugin.video.f4mTester/?url=http://best4u.biz:8000/live/dmy2101/9764681/1606.ts&amp;streamtype=TSDOWNLOADER|User-Agent=Mozilla/5.0 (iPad; CPU OS 6_0 like Mac OS X) AppleWebKit/536.26 (KHTML, like Gecko) Version/6.0 Mobile/10A5376e Safari/8536.25</link>
	</item>
</streaminginfo>
<streaminginfo>
	<cname>Aljadeed</cname>
	<item>
	<title>High</title>
	<link>plugin://plugin.video.f4mTester/?url=http://best4u.biz:8000/live/dmy2101/9764681/813.ts&amp;streamtype=TSDOWNLOADER|User-Agent=Mozilla/5.0 (iPad; CPU OS 6_0 like Mac OS X) AppleWebKit/536.26 (KHTML, like Gecko) Version/6.0 Mobile/10A5376e Safari/8536.25</link>
	</item>
</streaminginfo>
<streaminginfo>
	<cname>Alqudis</cname>
	<item>
	<title>High</title>
	<link>plugin://plugin.video.f4mTester/?url=http://best4u.biz:8000/live/dmy2101/9764681/108.ts&amp;streamtype=TSDOWNLOADER|User-Agent=Mozilla/5.0 (iPad; CPU OS 6_0 like Mac OS X) AppleWebKit/536.26 (KHTML, like Gecko) Version/6.0 Mobile/10A5376e Safari/8536.25</link>
	</item>
</streaminginfo>
<streaminginfo>
	<cname>Halab Today</cname>
	<item>
	<title>High</title>
	<link>plugin://plugin.video.f4mTester/?url=http://best4u.biz:8000/live/dmy2101/9764681/1499.ts&amp;streamtype=TSDOWNLOADER|User-Agent=Mozilla/5.0 (iPad; CPU OS 6_0 like Mac OS X) AppleWebKit/536.26 (KHTML, like Gecko) Version/6.0 Mobile/10A5376e Safari/8536.25</link>
	</item>
</streaminginfo>
<streaminginfo>
	<cname>Lbc Europe</cname>
	<item>
	<title>High</title>
	<link>plugin://plugin.video.f4mTester/?url=http://best4u.biz:8000/live/dmy2101/9764681/139.ts&amp;streamtype=TSDOWNLOADER|User-Agent=Mozilla/5.0 (iPad; CPU OS 6_0 like Mac OS X) AppleWebKit/536.26 (KHTML, like Gecko) Version/6.0 Mobile/10A5376e Safari/8536.25</link>
	</item>
</streaminginfo>
<streaminginfo>
	<cname>Lbc Europe</cname>
	<item>
	<title>High HD</title>
	<link>plugin://plugin.video.f4mTester/?url=http://best4u.biz:8000/live/dmy2101/9764681/3628.ts&amp;streamtype=TSDOWNLOADER|User-Agent=Mozilla/5.0 (iPad; CPU OS 6_0 like Mac OS X) AppleWebKit/536.26 (KHTML, like Gecko) Version/6.0 Mobile/10A5376e Safari/8536.25</link>
	</item>
</streaminginfo>
<streaminginfo>
	<cname>MTV</cname>
	<item>
	<title>High</title>
	<link>plugin://plugin.video.f4mTester/?url=http://best4u.biz:8000/live/dmy2101/9764681/209.ts&amp;streamtype=TSDOWNLOADER|User-Agent=Mozilla/5.0 (iPad; CPU OS 6_0 like Mac OS X) AppleWebKit/536.26 (KHTML, like Gecko) Version/6.0 Mobile/10A5376e Safari/8536.25</link>
	</item>
</streaminginfo>
<streaminginfo>
	<cname>Roya</cname>
	<item>
	<title>High</title>
	<link>plugin://plugin.video.f4mTester/?url=http://best4u.biz:8000/live/dmy2101/9764681/1461.ts&amp;streamtype=TSDOWNLOADER|User-Agent=Mozilla/5.0 (iPad; CPU OS 6_0 like Mac OS X) AppleWebKit/536.26 (KHTML, like Gecko) Version/6.0 Mobile/10A5376e Safari/8536.25</link>
	</item>
</streaminginfo>
<streaminginfo>
	<cname>Sama Syria</cname>
	<item>
	<title>High</title>
	<link>plugin://plugin.video.f4mTester/?url=http://best4u.biz:8000/live/dmy2101/9764681/3708.ts&amp;streamtype=TSDOWNLOADER|User-Agent=Mozilla/5.0 (iPad; CPU OS 6_0 like Mac OS X) AppleWebKit/536.26 (KHTML, like Gecko) Version/6.0 Mobile/10A5376e Safari/8536.25</link>
	</item>
</streaminginfo>
<streaminginfo>
	<cname>Syria Aloula</cname>
	<item>
	<title>High</title>
	<link>plugin://plugin.video.f4mTester/?url=http://best4u.biz:8000/live/dmy2101/9764681/1399.ts&amp;streamtype=TSDOWNLOADER|User-Agent=Mozilla/5.0 (iPad; CPU OS 6_0 like Mac OS X) AppleWebKit/536.26 (KHTML, like Gecko) Version/6.0 Mobile/10A5376e Safari/8536.25</link>
	</item>
</streaminginfo>
<streaminginfo>
	<cname>Fatafeat</cname>
	<item>
	<title>High</title>
	<link>plugin://plugin.video.f4mTester/?url=http://best4u.biz:8000/live/dmy2101/9764681/98.ts&amp;streamtype=TSDOWNLOADER|User-Agent=Mozilla/5.0 (iPad; CPU OS 6_0 like Mac OS X) AppleWebKit/536.26 (KHTML, like Gecko) Version/6.0 Mobile/10A5376e Safari/8536.25</link>
	</item>
</streaminginfo>
<streaminginfo>
	<cname>Future TV</cname>
	<item>
	<title>High</title>
	<link>plugin://plugin.video.f4mTester/?url=http://best4u.biz:8000/live/dmy2101/9764681/280.ts&amp;streamtype=TSDOWNLOADER|User-Agent=Mozilla/5.0 (iPad; CPU OS 6_0 like Mac OS X) AppleWebKit/536.26 (KHTML, like Gecko) Version/6.0 Mobile/10A5376e Safari/8536.25</link>
	</item>
</streaminginfo>
<streaminginfo>
	<cname>LDC</cname>
	<item>
	<title>High</title>
	<link>plugin://plugin.video.f4mTester/?url=http://best4u.biz:8000/live/dmy2101/9764681/1648.ts&amp;streamtype=TSDOWNLOADER|User-Agent=Mozilla/5.0 (iPad; CPU OS 6_0 like Mac OS X) AppleWebKit/536.26 (KHTML, like Gecko) Version/6.0 Mobile/10A5376e Safari/8536.25</link>
	</item>
</streaminginfo>
<streaminginfo>
	<cname>OTV Lebanon</cname>
	<item>
	<title>High</title>
	<link>plugin://plugin.video.f4mTester/?url=http://best4u.biz:8000/live/dmy2101/9764681/1925.ts&amp;streamtype=TSDOWNLOADER|User-Agent=Mozilla/5.0 (iPad; CPU OS 6_0 like Mac OS X) AppleWebKit/536.26 (KHTML, like Gecko) Version/6.0 Mobile/10A5376e Safari/8536.25</link>
	</item>
</streaminginfo>
<streaminginfo>
	<cname>Syria Sedu</cname>
	<item>
	<title>High</title>
	<link>plugin://plugin.video.f4mTester/?url=http://best4u.biz:8000/live/dmy2101/9764681/2303.ts&amp;streamtype=TSDOWNLOADER|User-Agent=Mozilla/5.0 (iPad; CPU OS 6_0 like Mac OS X) AppleWebKit/536.26 (KHTML, like Gecko) Version/6.0 Mobile/10A5376e Safari/8536.25</link>
	</item>
</streaminginfo>
<streaminginfo>
	<cname>Tele Liban</cname>
	<item>
	<title>High</title>
	<link>plugin://plugin.video.f4mTester/?url=http://best4u.biz:8000/live/dmy2101/9764681/819.ts&amp;streamtype=TSDOWNLOADER|User-Agent=Mozilla/5.0 (iPad; CPU OS 6_0 like Mac OS X) AppleWebKit/536.26 (KHTML, like Gecko) Version/6.0 Mobile/10A5376e Safari/8536.25</link>
	</item>
</streaminginfo>
<streaminginfo>
	<cname>ALFALASTINIAH</cname>
	<item>
	<title>High</title>
	<link>plugin://plugin.video.f4mTester/?url=http://best4u.biz:8000/live/dmy2101/9764681/1605.ts&amp;streamtype=TSDOWNLOADER|User-Agent=Mozilla/5.0 (iPad; CPU OS 6_0 like Mac OS X) AppleWebKit/536.26 (KHTML, like Gecko) Version/6.0 Mobile/10A5376e Safari/8536.25</link>
	</item>
</streaminginfo>

<!-- Sham Channels End -->

<!-- Kids Channels Start -->

<streaminginfo>
	<cname>Ajyal</cname>
	<item>
	<title>High</title>
	<link>plugin://plugin.video.f4mTester/?url=http://best4u.biz:8000/live/dmy2101/9764681/3713.ts&amp;streamtype=TSDOWNLOADER|User-Agent=Mozilla/5.0 (iPad; CPU OS 6_0 like Mac OS X) AppleWebKit/536.26 (KHTML, like Gecko) Version/6.0 Mobile/10A5376e Safari/8536.25</link>
	</item>
</streaminginfo>
<streaminginfo>
	<cname>Aljazeera Children</cname>
	<item>
	<title>High</title>
	<link>plugin://plugin.video.f4mTester/?url=http://best4u.biz:8000/live/dmy2101/9764681/61.ts&amp;streamtype=TSDOWNLOADER|User-Agent=Mozilla/5.0 (iPad; CPU OS 6_0 like Mac OS X) AppleWebKit/536.26 (KHTML, like Gecko) Version/6.0 Mobile/10A5376e Safari/8536.25</link>
	</item>
</streaminginfo>
<streaminginfo>
	<cname>Baraem</cname>
	<item>
	<title>High</title>
	<link>plugin://plugin.video.f4mTester/?url=http://best4u.biz:8000/live/dmy2101/9764681/55.ts&amp;streamtype=TSDOWNLOADER|User-Agent=Mozilla/5.0 (iPad; CPU OS 6_0 like Mac OS X) AppleWebKit/536.26 (KHTML, like Gecko) Version/6.0 Mobile/10A5376e Safari/8536.25</link>
	</item>
</streaminginfo>
<streaminginfo>
	<cname>Jeem</cname>
	<item>
	<title>High</title>
	<link>plugin://plugin.video.f4mTester/?url=http://best4u.biz:8000/live/dmy2101/9764681/167.ts&amp;streamtype=TSDOWNLOADER|User-Agent=Mozilla/5.0 (iPad; CPU OS 6_0 like Mac OS X) AppleWebKit/536.26 (KHTML, like Gecko) Version/6.0 Mobile/10A5376e Safari/8536.25</link>
	</item>
</streaminginfo>
<streaminginfo>
	<cname>Toyor Al Janah</cname>
	<item>
	<title>High</title>
	<link>plugin://plugin.video.f4mTester/?url=http://best4u.biz:8000/live/dmy2101/9764681/1398.ts&amp;streamtype=TSDOWNLOADER|User-Agent=Mozilla/5.0 (iPad; CPU OS 6_0 like Mac OS X) AppleWebKit/536.26 (KHTML, like Gecko) Version/6.0 Mobile/10A5376e Safari/8536.25</link>
	</item>
</streaminginfo>
<streaminginfo>
	<cname>Cartoon Network</cname>
	<item>
	<title>High</title>
	<link>plugin://plugin.video.f4mTester/?url=http://best4u.biz:8000/live/dmy2101/9764681/162.ts&amp;streamtype=TSDOWNLOADER|User-Agent=Mozilla/5.0 (iPad; CPU OS 6_0 like Mac OS X) AppleWebKit/536.26 (KHTML, like Gecko) Version/6.0 Mobile/10A5376e Safari/8536.25</link>
	</item>
</streaminginfo>
<streaminginfo>
	<cname>Spacetoon</cname>
	<item>
	<title>High</title>
	<link>plugin://plugin.video.f4mTester/?url=http://best4u.biz:8000/live/dmy2101/9764681/134.ts&amp;streamtype=TSDOWNLOADER|User-Agent=Mozilla/5.0 (iPad; CPU OS 6_0 like Mac OS X) AppleWebKit/536.26 (KHTML, like Gecko) Version/6.0 Mobile/10A5376e Safari/8536.25</link>
	</item>
</streaminginfo>
<streaminginfo>
	<cname>Noon Kids</cname>
	<item>
	<title>High</title>
	<link>plugin://plugin.video.f4mTester/?url=http://best4u.biz:8000/live/dmy2101/9764681/118.ts&amp;streamtype=TSDOWNLOADER|User-Agent=Mozilla/5.0 (iPad; CPU OS 6_0 like Mac OS X) AppleWebKit/536.26 (KHTML, like Gecko) Version/6.0 Mobile/10A5376e Safari/8536.25</link>
	</item>
</streaminginfo>

<!-- Kids Channels End -->

<!-- Islamic Channels Start -->

<streaminginfo>
	<cname>Al Majd</cname>
	<item>
	<title>High 3</title>
	<link>plugin://plugin.video.f4mTester/?streamtype=TSDOWNLOADER&amp;url=http://best4u.biz:8000/live/dmy2101/9764681/2297.ts</link>
	</item>
</streaminginfo>
<streaminginfo>
	<cname>Al Majd</cname>
	<item>
	<title>High 2</title>
	<link>plugin://plugin.video.f4mTester/?streamtype=TSDOWNLOADER&amp;url=http://best4u.biz:8000/live/dmy2101/9764681/285.ts</link>
	</item>
</streaminginfo>
<streaminginfo>
	<cname>Al Majd</cname>
	<item>
	<title>High</title>
	<link>plugin://plugin.video.f4mTester/?streamtype=TSDOWNLOADER&amp;url=http://best4u.biz:8000/live/dmy2101/9764681/2314.ts</link>
	</item>
</streaminginfo>
<streaminginfo>
	<cname>Al Majd Scince</cname>
	<item>
	<title>High</title>
	<link>plugin://plugin.video.f4mTester/?streamtype=TSDOWNLOADER&amp;url=http://best4u.biz:8000/live/dmy2101/9764681/2312.ts</link>
	</item>
</streaminginfo>
<streaminginfo>
	<cname>Al Majd Quran</cname>
	<item>
	<title>High</title>
	<link>plugin://plugin.video.f4mTester/?streamtype=TSDOWNLOADER&amp;url=http://best4u.biz:8000/live/dmy2101/9764681/2313.ts</link>
	</item>
</streaminginfo>
<streaminginfo>
	<cname>Al Majd Hadeeth</cname>
	<item>
	<title>High</title>
	<link>plugin://plugin.video.f4mTester/?streamtype=TSDOWNLOADER&amp;url=http://best4u.biz:8000/live/dmy2101/9764681/2311.ts</link>
	</item>
</streaminginfo>

<streaminginfo>
	<cname>Al Rahma</cname>
	<item>
	<title>High</title>
	<link>plugin://plugin.video.f4mTester/?streamtype=TSDOWNLOADER&amp;url=http://best4u.biz:8000/live/dmy2101/9764681/1454.ts</link>
	</item>
</streaminginfo>

<streaminginfo>
	<cname>Al-Resalah</cname>
	<item>
	<title>High</title>
	<link>plugin://plugin.video.f4mTester/?streamtype=TSDOWNLOADER&amp;url=http://best4u.tn:8000/live/dmy2101/9764681/161.ts</link>
	</item>
</streaminginfo>
<streaminginfo>
	<cname>Al-Resalah</cname>
	<item>
	<title>High</title>
	<link>plugin://plugin.video.f4mTester/?streamtype=TSDOWNLOADER&amp;url=http://best4u.biz:8000/live/dmy2101/9764681/3627.ts</link>
	</item>
</streaminginfo>
<streaminginfo>
	<cname>Coran</cname>
	<item>
	<title>High</title>
	<link>plugin://plugin.video.f4mTester/?streamtype=TSDOWNLOADER&amp;url=http://best4u.biz:8000/live/dmy2101/9764681/1644.ts</link>
	</item>
</streaminginfo>
<streaminginfo>
	<cname>Iqra</cname>
	<item>
	<title>High</title>
	<link>plugin://plugin.video.f4mTester/?streamtype=TSDOWNLOADER&amp;url=http://best4u.biz:8000/live/dmy2101/9764681/812.ts</link>
	</item>
</streaminginfo>
<streaminginfo>
	<cname>ALNADATV</cname>
	<item>
	<title>High 2</title>
	<link>plugin://plugin.video.f4mTester/?url=http://best4u.biz:8000/live/dmy2101/9764681/172.ts&amp;streamtype=TSDOWNLOADER|User-Agent=Mozilla/5.0 (iPad; CPU OS 6_0 like Mac OS X) AppleWebKit/536.26 (KHTML, like Gecko) Version/6.0 Mobile/10A5376e Safari/8536.25</link>
	</item>
</streaminginfo>
<streaminginfo>
	<cname>ALNADATV</cname>
	<item>
	<title>High</title>
	<link>plugin://plugin.video.f4mTester/?url=http://best4u.biz:8000/live/dmy2101/9764681/839.ts&amp;streamtype=TSDOWNLOADER|User-Agent=Mozilla/5.0 (iPad; CPU OS 6_0 like Mac OS X) AppleWebKit/536.26 (KHTML, like Gecko) Version/6.0 Mobile/10A5376e Safari/8536.25</link>
	</item>
</streaminginfo>
<streaminginfo>
	<cname>Kaifa</cname>
	<item>
	<title>High 2</title>
	<link>plugin://plugin.video.f4mTester/?url=http://best4u.biz:8000/live/dmy2101/9764681/1918.ts&amp;streamtype=TSDOWNLOADER|User-Agent=Mozilla/5.0 (iPad; CPU OS 6_0 like Mac OS X) AppleWebKit/536.26 (KHTML, like Gecko) Version/6.0 Mobile/10A5376e Safari/8536.25</link>
	</item>
</streaminginfo>
<streaminginfo>
	<cname>Kaifa</cname>
	<item>
	<title>High</title>
	<link>plugin://plugin.video.f4mTester/?url=http://best4u.biz:8000/live/dmy2101/9764681/250.ts&amp;streamtype=TSDOWNLOADER|User-Agent=Mozilla/5.0 (iPad; CPU OS 6_0 like Mac OS X) AppleWebKit/536.26 (KHTML, like Gecko) Version/6.0 Mobile/10A5376e Safari/8536.25</link>
	</item>
</streaminginfo>
<streaminginfo>
	<cname>Noor Dubai</cname>
	<item>
	<title>High</title>
	<link>plugin://plugin.video.f4mTester/?url=http://best4u.biz:8000/live/dmy2101/9764681/149.ts&amp;streamtype=TSDOWNLOADER|User-Agent=Mozilla/5.0 (iPad; CPU OS 6_0 like Mac OS X) AppleWebKit/536.26 (KHTML, like Gecko) Version/6.0 Mobile/10A5376e Safari/8536.25</link>
	</item>
</streaminginfo>
<streaminginfo>
	<cname>Quran TV ksa</cname>
	<item>
	<title>High</title>
	<link>plugin://plugin.video.f4mTester/?url=http://best4u.biz:8000/live/dmy2101/9764681/3714.ts&amp;streamtype=TSDOWNLOADER|User-Agent=Mozilla/5.0 (iPad; CPU OS 6_0 like Mac OS X) AppleWebKit/536.26 (KHTML, like Gecko) Version/6.0 Mobile/10A5376e Safari/8536.25</link>
	</item>
</streaminginfo>
<streaminginfo>
	<cname>Quran TV ksa</cname>
	<item>
	<title>High</title>
	<link>plugin://plugin.video.f4mTester/?url=http://best4u.biz:8000/live/dmy2101/9764681/1456.ts&amp;streamtype=TSDOWNLOADER|User-Agent=Mozilla/5.0 (iPad; CPU OS 6_0 like Mac OS X) AppleWebKit/536.26 (KHTML, like Gecko) Version/6.0 Mobile/10A5376e Safari/8536.25</link>
	</item>
</streaminginfo>
<streaminginfo>
	<cname>sunnah TV</cname>
	<item>
	<title>High</title>
	<link>plugin://plugin.video.f4mTester/?url=http://best4u.biz:8000/live/dmy2101/9764681/173.ts&amp;streamtype=TSDOWNLOADER|User-Agent=Mozilla/5.0 (iPad; CPU OS 6_0 like Mac OS X) AppleWebKit/536.26 (KHTML, like Gecko) Version/6.0 Mobile/10A5376e Safari/8536.25</link>
	</item>
</streaminginfo>
<streaminginfo>
	<cname>Assadissa</cname>
	<item>
	<title>High</title>
	<link>plugin://plugin.video.f4mTester/?url=http://best4u.biz:8000/live/dmy2101/9764681/1645.ts&amp;streamtype=TSDOWNLOADER|User-Agent=Mozilla/5.0 (iPad; CPU OS 6_0 like Mac OS X) AppleWebKit/536.26 (KHTML, like Gecko) Version/6.0 Mobile/10A5376e Safari/8536.25</link>
	</item>
</streaminginfo>



</streaminginfos>
