<streaminginfos>

<!-- GulfChannels Start -->

<streaminginfo>
	<cname>Abu Dhabi</cname>
	<item><title>High</title>
	<link>http://adtv.ercdn.net/adaloula/adaloula_720p.m3u8?v=1525040486</link>
	</item>
</streaminginfo>

<streaminginfo>
	<cname>Abu Dhabi Emirates</cname>
	<item><title>High</title>
	<link>http://adtv.ercdn.net/adalemarat/adalemarat_720p.m3u8?v=1525040486</link>
	</item>
</streaminginfo>

<streaminginfo>
	<cname>Al Dafra</cname>
	<item><title>Low</title>
	<link>http://live.aldafrah.tv:1935/live/myStream3/gmswf.m3u8</link>
	</item>
</streaminginfo>
<streaminginfo>
	<cname>Al Dafra</cname>
	<item><title>Med</title>
	<link>http://live.aldafrah.tv:1935/live/myStream2/gmswf.m3u8</link>
	</item>
</streaminginfo>
<streaminginfo>
	<cname>Al Dafra</cname>
	<item><title>High</title>
	<link>http://live.aldafrah.tv:1935/live/myStream1/gmswf.m3u8</link>
	</item>
</streaminginfo>

<streaminginfo><cname>Almajlis</cname><item><title>Med</title><link>http://www.elahmad.com/tv/m3u8/ktv.m3u8?id=ktv7</link></item></streaminginfo>

<streaminginfo>
     <cname>Almajlis</cname>
	 <item>
<title>Gini</title>
<link>$doregex[url]</link>
<regex>
<name>url</name>
<expres>file: "([^"]*)</expres>
<page>http://www.media.gov.kw/LiveTV1.aspx?PanChannel=KTVSportExtra</page>
</regex>
</item>
</streaminginfo>

<streaminginfo>
	<cname>Alrai</cname>
	<item>
	<title>Med</title>
	<link>rtmp://stream01.fasttelco.net:1935/live/_definst_/ playpath=ALRAI/LIVE_STREAMING/alrai swfUrl=http://www.elahmad.com/tv/swf/player.swf?file=kw_alrai&amp;autostart=true&amp;/[[DYNAMIC]]/2/[[DYNAMIC]]/3 pageUrl=http://www.elahmad.com/tv/alraitv.php</link>
	</item>
</streaminginfo>
<streaminginfo>
	<cname>Alrai</cname>
	<item>
	<title>Med</title>
	<link>http://selevision9878-i.akamaihd.net/hls/live/219129/98781/1.m3u8</link>
	</item>
</streaminginfo> 

<streaminginfo>
	<cname>alrayan</cname>
	<item>
	<title>Low</title>
    <link>http://31.11.50.210:1935/HR03/HR03.stream/gmswf.m3u8?v=1525040486</link>
    </item>
</streaminginfo>
<streaminginfo>
	<cname>alrayan</cname>
	<item>
	<title>Med 3</title>
    <link>http://msqbstreamer1.qatarbroadcast.qa:1935/HR03/HR03.stream/playlist.m3u8</link>
    </item>
</streaminginfo>
<streaminginfo>
	<cname>alrayan</cname>
	<item>
	<title>Med 2</title>
    <link>rtmp://31.11.50.210:1935/HR03?gmswf=1525040486 playpath=HR03.stream swfUrl=http://www.elahmad.com/tv/swf/player.swf?file=alrayyan_1&amp;autostart=true&amp;/[[DYNAMIC]]/2/[[DYNAMIC]]/3 pageUrl=http://www.elahmad.com/tv/alrayyantv.php
</link>
    </item>
</streaminginfo>
<streaminginfo>
	<cname>alrayan</cname>
	<item>
	<title>Med</title>
    <link>http://alrayyan2live.azureedge.net/alrayyan1/alrayyan1.smil/chunklist_b1532000.m3u8</link>
    </item>
</streaminginfo>

<streaminginfo>
	<cname>Alrayan2</cname>
	<item>
	<title>Med 4</title>
    <link>http://msqbstreamer1.qatarbroadcast.qa:1935/HR07/HR07.stream/chunklist_w22532703.m3u8</link>
    </item>
</streaminginfo>
<streaminginfo>
	<cname>Alrayan2</cname>
	<item>
	<title>Med 3</title>
    <link>http://alrayyan2live.azureedge.net/alrayyan2/alrayyan2.smil/chunklist_b982000.m3u8?v=1525040486</link>
    </item>
</streaminginfo>
<streaminginfo>
	<cname>Alrayan2</cname>
	<item>
	<title>Med 2</title>
    <link>rtmp://31.11.50.210:1935/HR07?gmswf=1525040486 playpath=HR07.stream swfUrl=http://www.elahmad.com/tv/swf/player.swf?file=alrayyan_2&amp;autostart=true&amp;/[[DYNAMIC]]/2/[[DYNAMIC]]/3 pageUrl=http://www.elahmad.com/tv/alrayyantv.php
</link>
    </item>
</streaminginfo>
<streaminginfo>
	<cname>Alrayan2</cname>
	<item>
	<title>Med</title>
    <link>http://31.11.50.210:1935/HR07/HR07.stream/chunklist_w1652674159.m3u8?v=1525040486</link>
    </item>
</streaminginfo>

<streaminginfo>
	<cname>Bahrain</cname>
	<item>
	<title>Med</title>
	<link>http://185.105.4.106:1935/live/Bahrain%20TV/chunklist_w1648915209.m3u8</link>
	</item>
</streaminginfo> 
<streaminginfo>
	<cname>Bahrain English</cname>
	<item>
	<title>Med</title>
	<link>http://185.105.4.106:1935/live/Bahrain%20International/playlist.m3u8</link>
	</item>
</streaminginfo> 

<streaminginfo>
    <cname>Citruss</cname>
	<item>
	<title>Low</title>
	<link>http://live.citrusstv.com/live/watch/playlist.m3u8</link>
	</item>
</streaminginfo>

<streaminginfo>
	<cname>Dubai</cname>
	<item>
	<title>Med</title>
	<link>http://dmi.mangomolo.com:1935/dubaitv/smil:dubaitv.smil/chunklist_w457705655_b750000.m3u8</link>
	</item>
</streaminginfo>


<streaminginfo>
	<cname>Dubai One</cname>
	<item>
	<title>Med</title>
	<link>http://dmivll.mangomolo.com/dubaione/smil:dubaione.smil/chunklist_b1800000.m3u8</link>
	</item>
</streaminginfo>

<streaminginfo>
	<cname>Fujairah</cname>
	<item>
	<title>Low</title>
    	<link>rtmp://ccfz.dyndns.org:4425/fujtv/ playpath=livestream swfUrl=http://www.fujtv.ae/video-js/video-js.swf pageUrl=http://www.fujtv.ae/live_streaming.php live=1 timeout=20</link>
	</item>
</streaminginfo>

<streaminginfo>
<cname>KSA 1</cname>
<item>
<title>You need Youtube Addon</title>
<link>plugin://plugin.video.youtube/play/?video_id=8Ry9yGYyx2Y</link>
</item>
</streaminginfo>
<streaminginfo>
	<cname>KSA 1</cname>
	<item>
	<title>Med</title>
	<link>http://wpc.55d6d.deltacdn.net/3055D6D/teb002/55D6D-channel1/3.m3u8</link>
	</item>
</streaminginfo>

<streaminginfo><cname>KSA 2</cname><item><title>You need Youtube Addon</title><link>plugin://plugin.video.youtube/play/?video_id=QDH5KbYy1as</link></item></streaminginfo>

<streaminginfo>
	<cname>KTV 2</cname>
	<item>
	<title>media.gov.kw</title>
	<link>http://www.elahmad.com/tv/m3u8/ktv.m3u8?id=ktv2</link>
	</item>
</streaminginfo>
<streaminginfo>
     <cname>KTV 2</cname>
	 <item>
<title>Gini</title>
<link>$doregex[url]</link>
<regex>
<name>url</name>
<expres>file: "([^"]*)</expres>
<page>http://www.media.gov.kw/LiveTV1.aspx?PanChannel=KTV2</page>
</regex>
</item>
</streaminginfo>

<streaminginfo>
	<cname>Kuwait</cname>
	<item>
	<title>media.gov.kw</title>
	<link>http://www.elahmad.com/tv/m3u8/ktv.m3u8?id=ktv1</link>
	</item>
</streaminginfo>
<streaminginfo>
     <cname>Kuwait</cname>
	 <item>
<title>Gini</title>
<link>$doregex[url]</link>
<regex>
<name>url</name>
<expres>file: "([^"]*)</expres>
<page>http://www.media.gov.kw/LiveTV1.aspx</page>
</regex>
</item>
</streaminginfo>

<streaminginfo>
        <cname>Oman</cname>
	<item>
	<title>Med</title>
	<link>http://38.96.148.30:1935/live/omantv1/chunklist.m3u8</link>
	</item>
</streaminginfo>
<streaminginfo>
	<cname>Oman</cname>		
	<item>		
	<title>Oman 38</title>		
	<link>http://38.96.148.30:1935/live/omantv1/chunklist.m3u8?wowzasessionid=1593393582</link>
	</item>
</streaminginfo>  
<streaminginfo>
     <cname>Oman</cname>
	 <item>
<title>Oman Gini</title>
<link>$doregex[url]</link>
<regex>
<name>url</name>
<expres>file: "([^"]*)</expres>
<page>http://giniko.com/watch.php?id=184</page>
</regex>
<thumbnail>http://giniko.com/logos/190x110/184.jpg</thumbnail>
</item>
</streaminginfo>

<streaminginfo>
		<cname>Qatar</cname>
		<item>
		<title>Vstream</title>
		<link>http://qtv-i.akamaihd.net/hls/live/213233/QTV/s_265s.m3u8</link>
		</item>
</streaminginfo>

<streaminginfo>
	<cname>Sama Dubai</cname>
	<item>
	<title>Med</title>
	<link>http://dmi.mangomolo.com:1935/samadubai/smil:samadubai.smil/chunklist_w1226210005_b750000.m3u8</link>
	</item>
</streaminginfo>

<streaminginfo>
     <cname>Sharjah</cname>
	 <item>
<title>Gini</title>
<link>$doregex[url]</link>
<regex>
<name>url</name>
<expres>file: "([^"]*)</expres>
<page>http://www.giniko.com/watch.php?id=183</page>
</regex>
</item>
</streaminginfo>

<streaminginfo>
   	<cname>Sharjah Kabla</cname>
	<item>
	<title>Low</title>
	<link>http://livestreaming.itworkscdn.net/kablatvlive/kabtv_160p/chunklist.m3u8</link>
	</item>
</streaminginfo>
<streaminginfo>
   	<cname>Sharjah Kabla</cname>
	<item>
	<title>Med</title>
	<link>http://livestreaming.itworkscdn.net/kablatvlive/kabtv_240p/chunklist.m3u8</link>
	</item>
</streaminginfo>
<streaminginfo>
   	<cname>Sharjah Kabla</cname>
	<item>
	<title>High</title>
	<link>http://livestreaming.itworkscdn.net/kablatvlive/kabtv_360p/chunklist.m3u8</link>
	</item>
</streaminginfo>

<!-- Gulf Channels End -->

<!-- Sham Channels Start -->

<streaminginfo>
    <cname>7Stars</cname>
	<item>
	<title>Med</title>
	<link>rtmp://194.165.136.150/live playpath=myStream swfUrl=http://7stars.tv/Modules/Mdameer.JWPlayer/Contents/player.swf live=1 pageUrl=http://7stars.tv/ timeout=20</link>
	</item>
</streaminginfo>

<streaminginfo>
		<cname>Alaqsa</cname>
		<item>
			<title>official/ipad</title>
			<link>$doregex[get-link]</link>
			<regex>
			<name>get-link</name>
			<expres>ipadUrl: '(.*?)'</expres>
				<page>http://aqsatv.ps/live/</page>
				</regex>
		</item>
	</streaminginfo>

	<streaminginfo>
		<cname>ALFALASTINIAH</cname>
		<item>
			<title>flv</title>
			<link>rtmp://46.43.64.166:1935/flv/flv timeout=20</link>
		</item>
	</streaminginfo>

<streaminginfo>
    <cname>Aljadeed</cname>
	<item>
	<title>itworkscdn low</title>
	<link>http://livestreaming.itworkscdn.net/aljadeedlive/aljadeed_160p/playlist.m3u8</link>
	</item>
</streaminginfo>
<streaminginfo>
    <cname>Aljadeed</cname>
	<item>
		<title>itworkscdn Med</title>
		<link>http://livestreaming.itworkscdn.net/aljadeedlive/aljadeed_240p/playlist.m3u8</link>
	</item>
</streaminginfo>
<streaminginfo>
    <cname>Aljadeed</cname>
	<item>
		<title>itworkscdn High</title>
		<link>http://livestreaming.itworkscdn.net/aljadeedlive/aljadeed_360p/playlist.m3u8</link>
	</item>
</streaminginfo>

<streaminginfo>
   	<cname>Alqudis</cname>
	<item>
	<title>Low</title>
	<link>rtmp://www.qudstv.com:1935/livepkgr/livestream?adbe-live-event=liveevent live=1 timeout=20</link>
	</item>
</streaminginfo>

<streaminginfo>
	<cname>Halab Today</cname>
	<item>
	<title>SD</title>
	<link>rtmp://streaming.tootvs.com:1935/8010/8010 live=1 timeout=20</link>
	</item>
</streaminginfo>

<streaminginfo>
	<cname>Lbc Europe</cname>
	<item>
	<title>From website</title>
	<link>$doregex[url]</link>
	<regex>
	<name>url</name>
	<expres>file: "(http.*?)"</expres>
	<page>http://www.lbcgroup.tv/live</page>
	</regex>
	</item>
</streaminginfo>

<streaminginfo>
    <cname>MTV</cname>
	<item>
	<title>Low</title>
	<link>rtmp://livestreaming1.itworkscdn.net/mtvlive playpath=murrtelevision_160p swfUrl=http://mtv.com.lb/Player/400/jwplayer.flash.swf pageUrl=http://mtv.com.lb/Player/600/400</link>
	</item>
</streaminginfo>
<streaminginfo>
    <cname>MTV</cname>
	<item>
	<title>Med</title>
	<link>rtmp://livestreaming1.itworkscdn.net/mtvlive playpath=murrtelevision_240p swfUrl=http://mtv.com.lb/Player/400/jwplayer.flash.swf pageUrl=http://mtv.com.lb/Player/600/400</link>
	</item>
</streaminginfo>
<streaminginfo>
    <cname>MTV</cname>
	<item>
	<title>High</title>
	<link>rtmp://livestreaming1.itworkscdn.net/mtvlive playpath=murrtelevision_360p swfUrl=http://mtv.com.lb/Player/400/jwplayer.flash.swf pageUrl=http://mtv.com.lb/Player/600/400</link>
	</item>
</streaminginfo>
	<streaminginfo>
		<cname>MTV</cname>
		<item>
			<title>livestreaming1</title>
			<link>rtsp://livestreaming1.itworkscdn.net/mtvlive/murrtelevision_160p</link>
		</item>
	</streaminginfo>

<streaminginfo>
    <cname>Palestine AlYawm</cname>
	<item>
	<title>Med:f4m You need to install f4m_tester addon from Shani Repo</title>
	<link>plugin://plugin.video.f4mTester/?url=http://live.paltoday.tv:1935/paltv/live/manifest.f4m</link>
	</item>
</streaminginfo>
<streaminginfo>
   	<cname>Palestine AlYawm</cname>
	<item>
	<title>Med</title>
	<link>http://live.paltoday.tv:1935/paltv/live/playlist.m3u8</link>
	</item>
</streaminginfo>

<streaminginfo><cname>Roya</cname><item><title>You need Youtube Addon</title><link>plugin://plugin.video.youtube/play/?video_id=LOZ_qmJ8JHs</link></item></streaminginfo>
<streaminginfo>
    <cname>Roya</cname>
	<item>
	<title>300kB_Low</title>
	<link>http://212.35.75.130/3330/playlist.m3u8?email=tac@umniah.com&amp;password=2acc51f15bbba0a9ad4bab6da0ff0c81&amp;lq=1</link>
	</item>
</streaminginfo>
<streaminginfo>
    <cname>Roya</cname>
	<item>
	<title>750kB_High</title>
	<link>http://212.35.75.130/3330/playlist.m3u8?email=tac@umniah.com&amp;password=2acc51f15bbba0a9ad4bab6da0ff0c81</link>
	</item>
</streaminginfo>

	<streaminginfo>
	<cname>Sama Syria</cname>
	<item>
	<title>Official</title>
	<link>rtmp://sama-tv.net/live/samatv timeout=20</link>
	</item>
</streaminginfo>
 <streaminginfo>
	<cname>Sama Syria</cname>
	<item>
	<title>Low</title>
	<link>http://sama-tv.net:1935/live/samatv/playlist.m3u8</link>
	</item>
</streaminginfo>

<streaminginfo>
   	<cname>Syria Aloula</cname>
	<item>
	<title>Low</title>
	<link>http://82.137.248.21:1935/Aloula/AloulaLive1/playlist.m3u8</link>
	</item>
</streaminginfo>
<streaminginfo>
   	<cname>Syria Aloula</cname>
	<item>
	<title>Med</title>
	<link>http://82.137.248.21:1935/Aloula/AloulaLive2/playlist.m3u8</link>
	</item>
</streaminginfo>
<streaminginfo>
   	<cname>Syria Aloula</cname>
	<item>
	<title>High</title>
	<link>http://82.137.248.21:1935/Aloula/AloulaLive3/playlist.m3u8</link>
	</item>
</streaminginfo>

<streaminginfo>
   	<cname>Syria Talaqie</cname>
	<item>
	<title>Low</title>
	<link>http://82.137.248.20:1935/Talaqie/TalaqieLive1/playlist.m3u8</link>
	</item>
</streaminginfo>
<streaminginfo>
   	<cname>Syria Talaqie</cname>
	<item>
	<title>Med</title>
	<link>http://82.137.248.20:1935/Talaqie/TalaqieLive2/playlist.m3u8</link>
	</item>
</streaminginfo>
<streaminginfo>
   	<cname>Syria Talaqie</cname>
	<item>
	<title>High</title>
	<link>http://82.137.248.20:1935/Talaqie/TalaqieLive3/playlist.m3u8</link>
	</item>
</streaminginfo>

<!-- Sham Channels End -->

<!-- Iraq Channels Start -->

	<streaminginfo>
		<cname>Al Sharqiya</cname>
		<item>
			<title>indexforce</title>
			<link>rtmp://ns8.indexforce.com/home/mystream timeout=20</link>
		</item>
	</streaminginfo>
<streaminginfo>
    <cname>Al Sharqiya</cname>
	<item>
	<title>Low</title>
	<link>http://46.165.208.230:1935/home/mystream/gmswf.m3u8</link>
	</item>
</streaminginfo>

<streaminginfo>
    <cname>Al Taghier</cname>
	<item>
	<title>Low</title>
	<link>http://stream1.joinvisions.net:1935/taglive/taghier/media_b340674_w2040724908.m3u8</link>
	</item>
</streaminginfo>
<streaminginfo>
    <cname>Al Taghier</cname>
	<item>
	<title>Low: You need to install f4m_tester addon from Shani Repo</title>
	<link>plugin://plugin.video.f4mTester/?url=http://stream1.joinvisions.net:1935/taglive/taghier/manifest.f4m</link>
	</item>
</streaminginfo>

<streaminginfo>
        <cname>Al-hurra Iraq</cname>
	<item>
	<title>Low</title>
	<link>rtmp://cp51007.live.edgefcs.net:80/live?ovpfv=2.1.6/Alhurra_Flash@15 swfUrl=http://p.jwpcdn.com/6/7/jwplayer.flash.swf live=1 pageUrl=http://www.alhurra.com/info/english/112.html</link>
	</item>
</streaminginfo>
<streaminginfo>
	<cname>Al-hurra Iraq</cname>
	<item>
	<title>mbnhls</title>
	<link>http://mbnhls-lh.akamaihd.net/i/MBN_1@118619/master.m3u8</link>
	</item>
</streaminginfo>

<streaminginfo>
	<cname>Dejlah</cname>
	<item>
	<title>Med</title>
	<link>rtmp://91.134.145.75:1935 playpath=Dijlah?speed=1 swfUrl=http://91.134.145.75:10001/flu/FlussonicAS3.swf?t=1472321227617 pageUrl=http://91.134.145.75:10001/Dijlah/embed.html?dvr=true</link>
	</item>
</streaminginfo>


<!-- Iraq Channels End-->
</streaminginfos>